id,pid,userId,status,reason,vehicle,plateNumber,timestamp
"683e42118c62a4e82fdbe0fe","6b403c04","683e41178c62a4e82fdbe0fd","DENIED","User tidak aktif",,,"2025-06-03T00:30:09.729Z"
"683e429f8c62a4e82fdbe0ff","9e84ce05","683be4831cd41fe74b91c583","GRANTED",,,,"2025-06-03T00:32:31.355Z"
"683e44348c62a4e82fdbe100","2b32b272",,"DENIED","UID tidak terdaftar",,,"2025-06-03T00:39:16.272Z"
"683e9e30fad3f8edca12e47b","2b32b272",,"DENIED","UID tidak terdaftar",,,"2025-06-03T07:03:12.220Z"
"684654ff2adb1940c42343a1","9e84ce05","683be4831cd41fe74b91c583","GRANTED",,,,"2025-06-09T03:29:03.748Z"
"68465cb42adb1940c42343a2","9e84ce05","683be4831cd41fe74b91c583","GRANTED",,,,"2025-06-09T04:01:56.029Z"
"68465cb52adb1940c42343a3","9e84ce05","683be4831cd41fe74b91c583","GRANTED",,,,"2025-06-09T04:01:57.384Z"
"68465cb62adb1940c42343a4","9e84ce05","683be4831cd41fe74b91c583","GRANTED",,,,"2025-06-09T04:01:58.555Z"
"68465cd42adb1940c42343a5","9e84ce05e",,"DENIED","UID tidak terdaftar",,,"2025-06-09T04:02:28.591Z"
"68465cd82adb1940c42343a6","9e84ce054",,"DENIED","UID tidak terdaftar",,,"2025-06-09T04:02:32.597Z"
"68465cdc2adb1940c42343a7","9e84ce05g",,"DENIED","UID tidak terdaftar",,,"2025-06-09T04:02:36.182Z"
"68465ce62adb1940c42343a8","c4df4202","683be4a11cd41fe74b91c584","DENIED","User tidak aktif",,,"2025-06-09T04:02:46.907Z"
"68465cec2adb1940c42343a9","c4df4202","683be4a11cd41fe74b91c584","DENIED","User tidak aktif",,,"2025-06-09T04:02:52.665Z"
"68465cf22adb1940c42343aa","9e84ce05","683be4831cd41fe74b91c583","GRANTED",,,,"2025-06-09T04:02:58.682Z"
"68465cf42adb1940c42343ab","9e84ce05","683be4831cd41fe74b91c583","GRANTED",,,,"2025-06-09T04:03:00.569Z"
"6846a653282549d04fde069d","9e84ce05","683be4831cd41fe74b91c583","GRANTED",,,,"2025-06-09T09:16:03.823Z"
"6846a654282549d04fde069e","9e84ce05","683be4831cd41fe74b91c583","GRANTED",,,,"2025-06-09T09:16:03.788Z"
"6846a65b282549d04fde069f","9e84ce05","683be4831cd41fe74b91c583","GRANTED",,,,"2025-06-09T09:16:11.085Z"
"6846a65b282549d04fde06a0","9e84ce05","683be4831cd41fe74b91c583","GRANTED",,,,"2025-06-09T09:16:11.133Z"
"6846a677282549d04fde06a1","9e84ce000",,"DENIED","UID tidak terdaftar",,,"2025-06-09T09:16:39.245Z"
"6846a677282549d04fde06a2","9e84ce000",,"DENIED","UID tidak terdaftar",,,"2025-06-09T09:16:39.336Z"
"6846a684282549d04fde06a3","9e84ce000",,"DENIED","UID tidak terdaftar",,,"2025-06-09T09:16:52.632Z"
"6846a684282549d04fde06a4","9e84ce000",,"DENIED","UID tidak terdaftar",,,"2025-06-09T09:16:52.670Z"
"6846a848282549d04fde06a5","9e84ce000",,"DENIED","UID tidak terdaftar",,,"2025-06-09T09:24:24.661Z"
"6846c57ae3c2725f3f3592d8","9e84ce000",,"DENIED","UID tidak terdaftar",,,"2025-06-09T11:28:58.776Z"
"6846c5d4e3c2725f3f3592d9","9e84ce05","683be4831cd41fe74b91c583","GRANTED",,,,"2025-06-09T11:30:28.742Z"
"6846d7c15c86b6da4495a4a0","9e84ce000",,"DENIED","UID tidak terdaftar",,,"2025-06-09T12:46:57.018Z"
"6846e81bb1db176e93c3f5c3","9e84ce000",,"DENIED","UID tidak terdaftar",,,"2025-06-09T13:56:43.058Z"
"68542bbee507f37263305a2f","9e84ce05","683be4831cd41fe74b91c583","GRANTED",,,,"2025-06-19T15:24:46.579Z"
"68542cfee507f37263305a30","9e84ce05","683be4831cd41fe74b91c583","GRANTED",,"CAR",,"2025-06-19T15:30:06.905Z"
"68542d1be507f37263305a31","9e84ce05","683be4831cd41fe74b91c583","GRANTED",,"NO_VEHICLE",,"2025-06-19T15:30:35.570Z"
"68542d26e507f37263305a32","9e84ce05","683be4831cd41fe74b91c583","GRANTED",,"BIKE",,"2025-06-19T15:30:46.902Z"
"68542f0ae507f37263305a33","9e84ce05","683be4831cd41fe74b91c583","GRANTED",,,,"2025-06-19T15:38:50.802Z"
"6854fdb7c4155adf6fa50fc7","9e84ce05","683be4831cd41fe74b91c583","GRANTED",,"NO_VEHICLE",,"2025-06-20T06:20:39.547Z"
"6854fe77e7ad8e8b8c2e39ba","9e84ce05","683be4831cd41fe74b91c583","GRANTED",,"NO_VEHICLE",,"2025-06-20T06:23:51.379Z"
"6854fe94e7ad8e8b8c2e39bb","9e84ce05","683be4831cd41fe74b91c583","GRANTED",,"CAR",,"2025-06-20T06:24:20.814Z"
"6855011253af2f93eaf89a4f","9e84ce05hbshdsdus",,"DENIED","UID tidak terdaftar","NO_VEHICLE",,"2025-06-20T06:34:58.052Z"
"6855202cf911b895e3a6bb4d","sdjsdjsdns",,"DENIED","UID tidak terdaftar","CAR",,"2025-06-20T08:47:40.960Z"
"68552062f911b895e3a6bb4e","sdjsdjsdns",,"DENIED","UID tidak terdaftar","BIKE",,"2025-06-20T08:48:34.213Z"
"685629fc8eb2f1da7c96b391","9e84ce000",,"DENIED","UID tidak terdaftar",,,"2025-06-21T03:41:48.111Z"
"685662d110f50a9d9bcc56db","9e84ce000",,"DENIED","UID tidak terdaftar",,,"2025-06-21T07:44:17.677Z"
"685662ed10f50a9d9bcc56dc","9e84ce000",,"DENIED","UID tidak terdaftar",,,"2025-06-21T07:44:45.763Z"
"685665a210f50a9d9bcc56dd","9e84ce000",,"DENIED","UID tidak terdaftar",,,"2025-06-21T07:56:18.723Z"
"685665d010f50a9d9bcc56de","9e84ce000",,"DENIED","UID tidak terdaftar",,,"2025-06-21T07:57:04.198Z"
"68566e3910f50a9d9bcc56df","9e84ce000",,"DENIED","UID tidak terdaftar",,,"2025-06-21T08:32:57.253Z"
"68566f7210f50a9d9bcc56e0","9e84ce000",,"DENIED","UID tidak terdaftar",,,"2025-06-21T08:38:10.384Z"
"68567e4510f50a9d9bcc56e1","9e84ce05","683be4831cd41fe74b91c583","GRANTED",,,,"2025-06-21T09:41:25.555Z"
"68567e4910f50a9d9bcc56e2","9e84ce05","683be4831cd41fe74b91c583","GRANTED",,,,"2025-06-21T09:41:29.848Z"
"68567e5110f50a9d9bcc56e3","9e84ce05","683be4831cd41fe74b91c583","GRANTED",,,,"2025-06-21T09:41:37.297Z"
"68567e5910f50a9d9bcc56e4","9e84ce05","683be4831cd41fe74b91c583","GRANTED",,,,"2025-06-21T09:41:45.315Z"
"68567e5f10f50a9d9bcc56e5","9e84ce05","683be4831cd41fe74b91c583","GRANTED",,,,"2025-06-21T09:41:51.548Z"
"68567e7610f50a9d9bcc56e6","9e84ce05","683be4831cd41fe74b91c583","GRANTED",,,,"2025-06-21T09:42:14.135Z"
"68567e7a10f50a9d9bcc56e7","9e84ce05","683be4831cd41fe74b91c583","GRANTED",,,,"2025-06-21T09:42:18.537Z"
"68567e7e10f50a9d9bcc56e8","9e84ce05","683be4831cd41fe74b91c583","GRANTED",,,,"2025-06-21T09:42:22.225Z"
"685cfd0aa33ab5ceaf174f77","9e84ce05","683be4831cd41fe74b91c583","GRANTED",,,,"2025-06-26T07:55:54.340Z"
"685d0195cbd68eea5eb00286","9e84ce05","683be4831cd41fe74b91c583","GRANTED",,,,"2025-06-26T08:15:17.979Z"
"685d063ccbd68eea5eb00287","9e84ce05","683be4831cd41fe74b91c583","GRANTED",,,,"2025-06-26T08:35:08.863Z"
"685d0691cbd68eea5eb00288","9e84ce05","683be4831cd41fe74b91c583","GRANTED",,"NO_VEHICLE",,"2025-06-26T08:36:33.622Z"
"685d0833cbd68eea5eb00289","9e84ce05","683be4831cd41fe74b91c583","GRANTED",,"CAR",,"2025-06-26T08:43:31.399Z"
"685dad97753312d66d24658b","9e84ce0500",,"DENIED","UID tidak terdaftar",,,"2025-06-26T20:29:11.929Z"
"685dad98753312d66d24658c","9e84ce0500",,"DENIED","UID tidak terdaftar",,,"2025-06-26T20:29:12.502Z"
"685dadea753312d66d24658d","9e84ce0500",,"DENIED","UID tidak terdaftar",,,"2025-06-26T20:30:34.475Z"
"685dadea753312d66d24658e","9e84ce0500",,"DENIED","UID tidak terdaftar",,,"2025-06-26T20:30:34.491Z"
"685db240753312d66d24658f","9e84ce0500",,"DENIED","UID tidak terdaftar","NO_VEHICLE",,"2025-06-26T20:49:04.355Z"
"685db240753312d66d246590","9e84ce0500",,"DENIED","UID tidak terdaftar",,,"2025-06-26T20:49:04.530Z"
"685db24d753312d66d246591","9e84ce0500",,"DENIED","UID tidak terdaftar","NO_VEHICLE",,"2025-06-26T20:49:17.926Z"
"685db24e753312d66d246592","9e84ce0500",,"DENIED","UID tidak terdaftar",,,"2025-06-26T20:49:18.081Z"
"685db2c1753312d66d246593","9e84ce0500",,"DENIED","UID tidak terdaftar","NO_VEHICLE",,"2025-06-26T20:51:13.580Z"
"685db2c1753312d66d246594","9e84ce0500",,"DENIED","UID tidak terdaftar",,,"2025-06-26T20:51:13.750Z"
"685db2c8753312d66d246595","9e84ce0500",,"DENIED","UID tidak terdaftar","NO_VEHICLE",,"2025-06-26T20:51:20.558Z"
"685e05fa34179e3f6ad0c922","9e84ce05","683be4831cd41fe74b91c583","GRANTED",,"NO_VEHICLE",,"2025-06-27T02:46:18.468Z"
"685e060734179e3f6ad0c923","9e84ce05","683be4831cd41fe74b91c583","GRANTED",,"NO_VEHICLE",,"2025-06-27T02:46:31.097Z"
"685e062734179e3f6ad0c924","9e84ce05","683be4831cd41fe74b91c583","GRANTED",,"CAR",,"2025-06-27T02:47:03.210Z"
"685e28a034179e3f6ad0c925","c4df4202","683be4a11cd41fe74b91c584","DENIED","User tidak aktif","NO_VEHICLE",,"2025-06-27T05:14:08.375Z"
"685e28b234179e3f6ad0c926","c4df4202","683be4a11cd41fe74b91c584","DENIED","User tidak aktif","NO_VEHICLE",,"2025-06-27T05:14:26.177Z"
"685e28bf34179e3f6ad0c927","6b403c02","683d1ac36fae55f399ce5f19","DENIED","User tidak aktif","NO_VEHICLE",,"2025-06-27T05:14:39.964Z"
"685e28d534179e3f6ad0c928","9e84ce05","683be4831cd41fe74b91c583","GRANTED",,"NO_VEHICLE",,"2025-06-27T05:15:01.552Z"
"685e28e534179e3f6ad0c929","9e84ce05","683be4831cd41fe74b91c583","GRANTED",,"NO_VEHICLE",,"2025-06-27T05:15:17.351Z"
"685e2ada34179e3f6ad0c92a","9e84ce05","683be4831cd41fe74b91c583","GRANTED",,"NO_VEHICLE",,"2025-06-27T05:23:38.747Z"
"685e2e7134179e3f6ad0c92b","9e84ce05","683be4831cd41fe74b91c583","GRANTED",,"NO_VEHICLE",,"2025-06-27T05:38:57.572Z"
"685e2e8a34179e3f6ad0c92c","9e84ce05","683be4831cd41fe74b91c583","GRANTED",,"NO_VEHICLE",,"2025-06-27T05:39:22.137Z"
"685e2ebc34179e3f6ad0c92d","9e84ce05","683be4831cd41fe74b91c583","GRANTED",,"NO_VEHICLE",,"2025-06-27T05:40:12.977Z"
"685e2ebd34179e3f6ad0c92e","9e84ce05","683be4831cd41fe74b91c583","GRANTED",,"NO_VEHICLE",,"2025-06-27T05:40:13.993Z"
"685e2fde34179e3f6ad0c92f","9e84ce05","683be4831cd41fe74b91c583","GRANTED",,"NO_VEHICLE",,"2025-06-27T05:45:02.776Z"
"685e303b34179e3f6ad0c930","9e84ce05","683be4831cd41fe74b91c583","GRANTED",,"NO_VEHICLE",,"2025-06-27T05:46:35.023Z"
"685e304234179e3f6ad0c931","9e84ce05","683be4831cd41fe74b91c583","GRANTED",,"NO_VEHICLE",,"2025-06-27T05:46:42.020Z"
"685e36c834179e3f6ad0c932","9e84ce05","683be4831cd41fe74b91c583","GRANTED",,"NO_VEHICLE",,"2025-06-27T06:14:32.811Z"
"685e36d934179e3f6ad0c933","c4df4202","683be4a11cd41fe74b91c584","DENIED","User tidak aktif","NO_VEHICLE",,"2025-06-27T06:14:49.693Z"
"685e36df34179e3f6ad0c934","9e84ce05","683be4831cd41fe74b91c583","GRANTED",,"NO_VEHICLE",,"2025-06-27T06:14:55.644Z"
"685e36ef34179e3f6ad0c935","9e84ce05","683be4831cd41fe74b91c583","GRANTED",,"NO_VEHICLE",,"2025-06-27T06:15:11.246Z"
"685e36fc34179e3f6ad0c936","9e84ce05","683be4831cd41fe74b91c583","GRANTED",,"NO_VEHICLE",,"2025-06-27T06:15:24.253Z"
"685e370f34179e3f6ad0c937","9e84ce05","683be4831cd41fe74b91c583","GRANTED",,"NO_VEHICLE",,"2025-06-27T06:15:43.855Z"
"685e372034179e3f6ad0c938","9e84ce05","683be4831cd41fe74b91c583","GRANTED",,"NO_VEHICLE",,"2025-06-27T06:16:00.864Z"
"685e372634179e3f6ad0c939","9e84ce05","683be4831cd41fe74b91c583","GRANTED",,"NO_VEHICLE",,"2025-06-27T06:16:06.043Z"
"685e375d34179e3f6ad0c93a","9e84ce05","683be4831cd41fe74b91c583","GRANTED",,"NO_VEHICLE",,"2025-06-27T06:17:01.057Z"
"685e379f34179e3f6ad0c93b","c4df4202","683be4a11cd41fe74b91c584","DENIED","User tidak aktif","NO_VEHICLE",,"2025-06-27T06:18:07.673Z"
"685e37c534179e3f6ad0c93c","c4df4202","683be4a11cd41fe74b91c584","DENIED","User tidak aktif","NO_VEHICLE",,"2025-06-27T06:18:45.328Z"
"685e37e434179e3f6ad0c93d","c4df4202","683be4a11cd41fe74b91c584","DENIED","User tidak aktif","NO_VEHICLE",,"2025-06-27T06:19:16.798Z"
"685e37ef34179e3f6ad0c93e","6b403c02","683d1ac36fae55f399ce5f19","DENIED","User tidak aktif","NO_VEHICLE",,"2025-06-27T06:19:27.075Z"
"685e37f734179e3f6ad0c93f","9e84ce05","683be4831cd41fe74b91c583","GRANTED",,"NO_VEHICLE",,"2025-06-27T06:19:35.864Z"
"685e381b34179e3f6ad0c940","9e84ce05","683be4831cd41fe74b91c583","GRANTED",,"NO_VEHICLE",,"2025-06-27T06:20:11.060Z"
"685e382034179e3f6ad0c941","9e84ce05","683be4831cd41fe74b91c583","GRANTED",,"NO_VEHICLE",,"2025-06-27T06:20:16.489Z"
"685e383734179e3f6ad0c942","9e84ce05","683be4831cd41fe74b91c583","GRANTED",,"NO_VEHICLE",,"2025-06-27T06:20:39.215Z"
"685e38da34179e3f6ad0c943","9e84ce05","683be4831cd41fe74b91c583","GRANTED",,"NO_VEHICLE",,"2025-06-27T06:23:22.874Z"
"685e38e934179e3f6ad0c944","6b403c02","683d1ac36fae55f399ce5f19","DENIED","User tidak aktif","NO_VEHICLE",,"2025-06-27T06:23:37.674Z"
"685e390834179e3f6ad0c945","9e84ce05","683be4831cd41fe74b91c583","GRANTED",,"NO_VEHICLE",,"2025-06-27T06:24:08.094Z"
"685e393434179e3f6ad0c946","9e84ce05","683be4831cd41fe74b91c583","GRANTED",,"NO_VEHICLE",,"2025-06-27T06:24:52.879Z"
"685e3a8234179e3f6ad0c947","9e84ce05","683be4831cd41fe74b91c583","GRANTED",,"NO_VEHICLE",,"2025-06-27T06:30:26.618Z"
"685e3abb34179e3f6ad0c948","9e84ce05","683be4831cd41fe74b91c583","GRANTED",,"NO_VEHICLE",,"2025-06-27T06:31:23.006Z"
"685e3ad434179e3f6ad0c949","9e84ce05","683be4831cd41fe74b91c583","GRANTED",,"NO_VEHICLE",,"2025-06-27T06:31:48.995Z"
"685e3ff434179e3f6ad0c94a","9e84ce05","683be4831cd41fe74b91c583","GRANTED",,"NO_VEHICLE",,"2025-06-27T06:53:40.872Z"
"685e401534179e3f6ad0c94b","9e84ce05","683be4831cd41fe74b91c583","GRANTED",,"NO_VEHICLE",,"2025-06-27T06:54:13.029Z"
"685e402534179e3f6ad0c94c","9e84ce05","683be4831cd41fe74b91c583","GRANTED",,"NO_VEHICLE",,"2025-06-27T06:54:29.445Z"
"685e410e34179e3f6ad0c94d","9e84ce05","683be4831cd41fe74b91c583","GRANTED",,"NO_VEHICLE",,"2025-06-27T06:58:22.864Z"
"685e412634179e3f6ad0c94e","9e84ce05","683be4831cd41fe74b91c583","GRANTED",,"NO_VEHICLE",,"2025-06-27T06:58:46.266Z"
"685e449d34179e3f6ad0c94f","9e84ce05","683be4831cd41fe74b91c583","GRANTED",,,,"2025-06-27T07:13:33.999Z"
"685e44b534179e3f6ad0c950","6b403c02","683d1ac36fae55f399ce5f19","DENIED","User tidak aktif",,,"2025-06-27T07:13:57.799Z"
"685e44bd34179e3f6ad0c951","6b403c02","683d1ac36fae55f399ce5f19","DENIED","User tidak aktif",,,"2025-06-27T07:14:05.002Z"
"685e44c334179e3f6ad0c952","c4df4202","683be4a11cd41fe74b91c584","DENIED","User tidak aktif",,,"2025-06-27T07:14:11.601Z"
"685e44dc34179e3f6ad0c953","c4df4202","683be4a11cd41fe74b91c584","DENIED","User tidak aktif","NO_VEHICLE",,"2025-06-27T07:14:36.896Z"
"685e450334179e3f6ad0c954","c4df4202","683be4a11cd41fe74b91c584","DENIED","User tidak aktif",,,"2025-06-27T07:15:15.602Z"
"685e457534179e3f6ad0c955","c4df4202","683be4a11cd41fe74b91c584","DENIED","User tidak aktif",,,"2025-06-27T07:17:09.804Z"
"685e457f34179e3f6ad0c956","c4df4202","683be4a11cd41fe74b91c584","DENIED","User tidak aktif",,,"2025-06-27T07:17:19.802Z"
"685e458734179e3f6ad0c957","c4df4202","683be4a11cd41fe74b91c584","DENIED","User tidak aktif",,,"2025-06-27T07:17:27.400Z"
"685e459234179e3f6ad0c958","c4df4202","683be4a11cd41fe74b91c584","DENIED","User tidak aktif",,,"2025-06-27T07:17:38.004Z"
"685e45b034179e3f6ad0c959","c4df4202","683be4a11cd41fe74b91c584","DENIED","User tidak aktif","NO_VEHICLE",,"2025-06-27T07:18:08.267Z"
"685e4ba734179e3f6ad0c95a","c4df4202","683be4a11cd41fe74b91c584","DENIED","User tidak aktif","BIKE",,"2025-06-27T07:43:35.534Z"
"685e4bb434179e3f6ad0c95b","c4df4202","683be4a11cd41fe74b91c584","DENIED","User tidak aktif","NO_VEHICLE",,"2025-06-27T07:43:48.316Z"
"685e4bb934179e3f6ad0c95c","c4df4202","683be4a11cd41fe74b91c584","DENIED","User tidak aktif","NO_VEHICLE",,"2025-06-27T07:43:53.333Z"
"685e4be134179e3f6ad0c95d","c4df4202","683be4a11cd41fe74b91c584","DENIED","User tidak aktif","BIKE",,"2025-06-27T07:44:33.711Z"
"685e4c4034179e3f6ad0c95e","6b403c02","683d1ac36fae55f399ce5f19","DENIED","User tidak aktif","NO_VEHICLE",,"2025-06-27T07:46:08.326Z"
"685e4c4634179e3f6ad0c95f","9e84ce05","683be4831cd41fe74b91c583","GRANTED",,"NO_VEHICLE",,"2025-06-27T07:46:14.525Z"
"685e4c9a34179e3f6ad0c960","9e84ce05","683be4831cd41fe74b91c583","GRANTED",,"NO_VEHICLE",,"2025-06-27T07:47:38.105Z"
"685e4cc134179e3f6ad0c961","sdjsdjsdns",,"DENIED","UID tidak terdaftar","BIKE",,"2025-06-27T07:48:17.701Z"
"685e4d4734179e3f6ad0c962","6b403c02","683d1ac36fae55f399ce5f19","DENIED","User tidak aktif","NO_VEHICLE",,"2025-06-27T07:50:31.588Z"
"685e4d5134179e3f6ad0c963","9e84ce05","683be4831cd41fe74b91c583","GRANTED",,"NO_VEHICLE",,"2025-06-27T07:50:41.514Z"
"685e4d5c34179e3f6ad0c964","c4df4202","683be4a11cd41fe74b91c584","DENIED","User tidak aktif","BIKE",,"2025-06-27T07:50:52.713Z"
"685e4d6834179e3f6ad0c965","c4df4202","683be4a11cd41fe74b91c584","DENIED","User tidak aktif","BIKE",,"2025-06-27T07:51:04.117Z"
"685e4d7234179e3f6ad0c966","c4df4202","683be4a11cd41fe74b91c584","DENIED","User tidak aktif","NO_VEHICLE",,"2025-06-27T07:51:14.941Z"
"685e4d7b34179e3f6ad0c967","c4df4202","683be4a11cd41fe74b91c584","DENIED","User tidak aktif","NO_VEHICLE",,"2025-06-27T07:51:23.902Z"
"685e4d8034179e3f6ad0c968","6b403c02","683d1ac36fae55f399ce5f19","DENIED","User tidak aktif","NO_VEHICLE",,"2025-06-27T07:51:28.914Z"
"685e4d8534179e3f6ad0c969","9e84ce05","683be4831cd41fe74b91c583","GRANTED",,"NO_VEHICLE",,"2025-06-27T07:51:33.926Z"
"685e4d8e34179e3f6ad0c96a","9e84ce05","683be4831cd41fe74b91c583","GRANTED",,,,"2025-06-27T07:51:42.265Z"
"685e4d9234179e3f6ad0c96b","6b403c02","683d1ac36fae55f399ce5f19","DENIED","User tidak aktif",,,"2025-06-27T07:51:46.852Z"
"685e4d9834179e3f6ad0c96c","6b403c02","683d1ac36fae55f399ce5f19","DENIED","User tidak aktif",,,"2025-06-27T07:51:52.653Z"
"685e4d9d34179e3f6ad0c96d","c4df4202","683be4a11cd41fe74b91c584","DENIED","User tidak aktif",,,"2025-06-27T07:51:57.052Z"
"685e4def34179e3f6ad0c96e","9e84ce05","683be4831cd41fe74b91c583","GRANTED",,,,"2025-06-27T07:53:19.253Z"
"685e4df434179e3f6ad0c96f","c4df4202","683be4a11cd41fe74b91c584","DENIED","User tidak aktif",,,"2025-06-27T07:53:24.654Z"
"685e4e0834179e3f6ad0c970","c4df4202","683be4a11cd41fe74b91c584","DENIED","User tidak aktif","BIKE",,"2025-06-27T07:53:44.692Z"
"685e4eddffa7da25434fc8f9","9e84ce05","683be4831cd41fe74b91c583","GRANTED",,,,"2025-06-27T07:57:17.877Z"
"685e4edeffa7da25434fc8fa","9e84ce05","683be4831cd41fe74b91c583","GRANTED",,,,"2025-06-27T07:57:18.094Z"
"685e4ee2ffa7da25434fc8fb","9e84ce05","683be4831cd41fe74b91c583","GRANTED",,,,"2025-06-27T07:57:22.681Z"
"685e4ee7ffa7da25434fc8fc","c4df4202","683be4a11cd41fe74b91c584","DENIED","User tidak aktif",,,"2025-06-27T07:57:27.074Z"
"685e4eebffa7da25434fc8fd","6b403c02","683d1ac36fae55f399ce5f19","DENIED","User tidak aktif",,,"2025-06-27T07:57:31.665Z"
"685e4ef1ffa7da25434fc8fe","c4df4202","683be4a11cd41fe74b91c584","DENIED","User tidak aktif",,,"2025-06-27T07:57:37.868Z"
"685e4ef6ffa7da25434fc8ff","9e84ce05","683be4831cd41fe74b91c583","GRANTED",,,,"2025-06-27T07:57:42.059Z"
"685e4f24ffa7da25434fc900","9e84ce05","683be4831cd41fe74b91c583","GRANTED",,,,"2025-06-27T07:58:28.737Z"
"685e4f2bffa7da25434fc901","9e84ce05","683be4831cd41fe74b91c583","GRANTED",,,,"2025-06-27T07:58:35.867Z"
"685e4f3affa7da25434fc902","9e84ce05","683be4831cd41fe74b91c583","GRANTED",,,,"2025-06-27T07:58:50.062Z"
"685e4f3fffa7da25434fc903","c4df4202","683be4a11cd41fe74b91c584","DENIED","User tidak aktif",,,"2025-06-27T07:58:55.663Z"
"685e4f4cffa7da25434fc904","c4df4202","683be4a11cd41fe74b91c584","DENIED","User tidak aktif",,,"2025-06-27T07:59:08.463Z"
"685e4f53ffa7da25434fc905","c4df4202","683be4a11cd41fe74b91c584","DENIED","User tidak aktif",,,"2025-06-27T07:59:15.061Z"
"685e4f5effa7da25434fc906","c4df4202","683be4a11cd41fe74b91c584","DENIED","User tidak aktif",,,"2025-06-27T07:59:26.262Z"
"685e4f64ffa7da25434fc907","c4df4202","683be4a11cd41fe74b91c584","DENIED","User tidak aktif",,,"2025-06-27T07:59:32.678Z"
"685e4fe5ffa7da25434fc908","9e84ce05","683be4831cd41fe74b91c583","GRANTED",,,,"2025-06-27T08:01:41.425Z"
"685e4feeffa7da25434fc909","6b403c02","683d1ac36fae55f399ce5f19","DENIED","User tidak aktif",,,"2025-06-27T08:01:50.024Z"
"685e4ffcffa7da25434fc90a","6b403c02","683d1ac36fae55f399ce5f19","DENIED","User tidak aktif","NO_VEHICLE",,"2025-06-27T08:02:04.237Z"
"685e5003ffa7da25434fc90b","9e84ce05","683be4831cd41fe74b91c583","GRANTED",,"NO_VEHICLE",,"2025-06-27T08:02:11.743Z"
"685e5008ffa7da25434fc90c","c4df4202","683be4a11cd41fe74b91c584","DENIED","User tidak aktif","NO_VEHICLE",,"2025-06-27T08:02:16.957Z"
"685e5011ffa7da25434fc90d","9e84ce05","683be4831cd41fe74b91c583","GRANTED",,"NO_VEHICLE",,"2025-06-27T08:02:25.540Z"
"685e504cffa7da25434fc90e","c4df4202","683be4a11cd41fe74b91c584","DENIED","User tidak aktif","NO_VEHICLE",,"2025-06-27T08:03:24.945Z"
"685e5179ffa7da25434fc90f","c4df4202","683be4a11cd41fe74b91c584","DENIED","User tidak aktif","NO_VEHICLE",,"2025-06-27T08:08:25.745Z"
"685e517effa7da25434fc910","9e84ce05","683be4831cd41fe74b91c583","GRANTED",,"NO_VEHICLE",,"2025-06-27T08:08:30.741Z"
"685e5183ffa7da25434fc911","6b403c02","683d1ac36fae55f399ce5f19","DENIED","User tidak aktif","NO_VEHICLE",,"2025-06-27T08:08:35.757Z"
"685e518bffa7da25434fc912","9e84ce05","683be4831cd41fe74b91c583","GRANTED",,"NO_VEHICLE",,"2025-06-27T08:08:43.344Z"
"685e51ddffa7da25434fc913","c4df4202","683be4a11cd41fe74b91c584","DENIED","User tidak aktif","NO_VEHICLE",,"2025-06-27T08:10:05.345Z"
"685e51e2ffa7da25434fc914","6b403c02","683d1ac36fae55f399ce5f19","DENIED","User tidak aktif","NO_VEHICLE",,"2025-06-27T08:10:10.137Z"
"685e51e8ffa7da25434fc915","9e84ce05","683be4831cd41fe74b91c583","GRANTED",,"NO_VEHICLE",,"2025-06-27T08:10:16.936Z"
"685e5211ffa7da25434fc916","9e84ce05","683be4831cd41fe74b91c583","GRANTED",,"BIKE",,"2025-06-27T08:10:57.999Z"
"685e52acffa7da25434fc917","6b403c02","683d1ac36fae55f399ce5f19","DENIED","User tidak aktif","NO_VEHICLE",,"2025-06-27T08:13:32.752Z"
"685e52b1ffa7da25434fc918","c4df4202","683be4a11cd41fe74b91c584","DENIED","User tidak aktif","NO_VEHICLE",,"2025-06-27T08:13:37.139Z"
"685e52b4ffa7da25434fc919","9e84ce05","683be4831cd41fe74b91c583","GRANTED",,"NO_VEHICLE",,"2025-06-27T08:13:40.540Z"
"685e53ccffa7da25434fc91a","6b403c02","683d1ac36fae55f399ce5f19","DENIED","User tidak aktif","NO_VEHICLE",,"2025-06-27T08:18:20.158Z"
"685e53d0ffa7da25434fc91b","c4df4202","683be4a11cd41fe74b91c584","DENIED","User tidak aktif","NO_VEHICLE",,"2025-06-27T08:18:24.557Z"
"685e53d4ffa7da25434fc91c","9e84ce05","683be4831cd41fe74b91c583","GRANTED",,"NO_VEHICLE",,"2025-06-27T08:18:28.004Z"
"685e53deffa7da25434fc91d","9e84ce05","683be4831cd41fe74b91c583","GRANTED",,"NO_VEHICLE",,"2025-06-27T08:18:38.347Z"
"685e53ebffa7da25434fc91e","9e84ce05","683be4831cd41fe74b91c583","GRANTED",,"NO_VEHICLE",,"2025-06-27T08:18:51.661Z"
"685e5ce4ffa7da25434fc91f","9e84ce05","683be4831cd41fe74b91c583","GRANTED",,"NO_VEHICLE",,"2025-06-27T08:57:08.595Z"
"685e5d44ffa7da25434fc920","9e84ce05","683be4831cd41fe74b91c583","GRANTED",,"NO_VEHICLE",,"2025-06-27T08:58:44.379Z"
"685e5d4dffa7da25434fc921","9e84ce05","683be4831cd41fe74b91c583","GRANTED",,"NO_VEHICLE",,"2025-06-27T08:58:53.797Z"
"685e5de1ffa7da25434fc922","c4df4202","683be4a11cd41fe74b91c584","DENIED","User tidak aktif","NO_VEHICLE",,"2025-06-27T09:01:21.449Z"
"685e5decffa7da25434fc923","c4df4202","683be4a11cd41fe74b91c584","DENIED","User tidak aktif","NO_VEHICLE",,"2025-06-27T09:01:32.166Z"
"685e5f24ffa7da25434fc924","c4df4202","683be4a11cd41fe74b91c584","DENIED","User tidak aktif","NO_VEHICLE",,"2025-06-27T09:06:44.958Z"
"685e5f28ffa7da25434fc925","6b403c02","683d1ac36fae55f399ce5f19","DENIED","User tidak aktif","NO_VEHICLE",,"2025-06-27T09:06:48.372Z"
"685e5f2bffa7da25434fc926","9e84ce05","683be4831cd41fe74b91c583","GRANTED",,"NO_VEHICLE",,"2025-06-27T09:06:51.574Z"
"685e5f3dffa7da25434fc927","9e84ce05","683be4831cd41fe74b91c583","GRANTED",,"NO_VEHICLE",,"2025-06-27T09:07:09.200Z"
"685e5f44ffa7da25434fc928","9e84ce05","683be4831cd41fe74b91c583","GRANTED",,"NO_VEHICLE",,"2025-06-27T09:07:16.013Z"
"685e5f62ffa7da25434fc929","9e84ce05","683be4831cd41fe74b91c583","GRANTED",,"NO_VEHICLE",,"2025-06-27T09:07:46.767Z"
"685e609cffa7da25434fc92a","9e84ce05","683be4831cd41fe74b91c583","GRANTED",,"NO_VEHICLE",,"2025-06-27T09:13:00.029Z"
"685e60acffa7da25434fc92b","9e84ce05","683be4831cd41fe74b91c583","GRANTED",,"NO_VEHICLE",,"2025-06-27T09:13:16.838Z"
"685e6121ffa7da25434fc92c","9e84ce05","683be4831cd41fe74b91c583","GRANTED",,"NO_VEHICLE",,"2025-06-27T09:15:13.635Z"
"685e6176ffa7da25434fc92d","9e84ce05","683be4831cd41fe74b91c583","GRANTED",,"NO_VEHICLE",,"2025-06-27T09:16:38.028Z"
"685e6184ffa7da25434fc92e","9e84ce05","683be4831cd41fe74b91c583","GRANTED",,"NO_VEHICLE",,"2025-06-27T09:16:52.231Z"
"685e6195ffa7da25434fc92f","9e84ce05","683be4831cd41fe74b91c583","GRANTED",,"NO_VEHICLE",,"2025-06-27T09:17:09.025Z"
"685e6247ffa7da25434fc930","9e84ce05","683be4831cd41fe74b91c583","GRANTED",,"NO_VEHICLE",,"2025-06-27T09:20:07.061Z"
"685e6298ffa7da25434fc931","9e84ce05","683be4831cd41fe74b91c583","GRANTED",,"NO_VEHICLE",,"2025-06-27T09:21:28.850Z"
"685e62b6ffa7da25434fc932","9e84ce05","683be4831cd41fe74b91c583","GRANTED",,"NO_VEHICLE",,"2025-06-27T09:21:58.054Z"
"685e7d9affa7da25434fc933","9e84ce05","683be4831cd41fe74b91c583","GRANTED",,"CAR",,"2025-06-27T11:16:42.455Z"
"685e7dabffa7da25434fc934","9e84ce05","683be4831cd41fe74b91c583","GRANTED",,"NO_VEHICLE",,"2025-06-27T11:16:59.861Z"
"685e7db0ffa7da25434fc935","c4df4202","683be4a11cd41fe74b91c584","DENIED","User tidak aktif","NO_VEHICLE",,"2025-06-27T11:17:04.635Z"
"685e7db8ffa7da25434fc936","c4df4202","683be4a11cd41fe74b91c584","DENIED","User tidak aktif","NO_VEHICLE",,"2025-06-27T11:17:12.859Z"
"685e7dc2ffa7da25434fc937","6b403c02","683d1ac36fae55f399ce5f19","DENIED","User tidak aktif","NO_VEHICLE",,"2025-06-27T11:17:22.124Z"
"685e7deaffa7da25434fc938","6b403c02","683d1ac36fae55f399ce5f19","DENIED","User tidak aktif","NO_VEHICLE",,"2025-06-27T11:18:02.314Z"
"685e7df0ffa7da25434fc939","c4df4202","683be4a11cd41fe74b91c584","DENIED","User tidak aktif","NO_VEHICLE",,"2025-06-27T11:18:08.657Z"
"685e7df5ffa7da25434fc93a","9e84ce05","683be4831cd41fe74b91c583","GRANTED",,"NO_VEHICLE",,"2025-06-27T11:18:13.063Z"
"685e7e09ffa7da25434fc93b","9e84ce05","683be4831cd41fe74b91c583","GRANTED",,"NO_VEHICLE",,"2025-06-27T11:18:33.065Z"
"685e7e24ffa7da25434fc93c","6b403c02","683d1ac36fae55f399ce5f19","DENIED","User tidak aktif","NO_VEHICLE",,"2025-06-27T11:19:00.246Z"
"685e7e27ffa7da25434fc93d","9e84ce05","683be4831cd41fe74b91c583","GRANTED",,"NO_VEHICLE",,"2025-06-27T11:19:03.231Z"
"685e7e3effa7da25434fc93e","9e84ce05","683be4831cd41fe74b91c583","GRANTED",,"NO_VEHICLE",,"2025-06-27T11:19:26.662Z"
"685e7eb1ffa7da25434fc93f","9e84ce05","683be4831cd41fe74b91c583","GRANTED",,"CAR",,"2025-06-27T11:21:21.599Z"
"685e7ed4ffa7da25434fc940","9e84ce05","683be4831cd41fe74b91c583","GRANTED",,"CAR",,"2025-06-27T11:21:56.066Z"
"685e7f12ffa7da25434fc941","9e84ce05","683be4831cd41fe74b91c583","GRANTED",,"BIKE",,"2025-06-27T11:22:58.689Z"
"685e7f1affa7da25434fc942","6b403c02","683d1ac36fae55f399ce5f19","DENIED","User tidak aktif","BIKE",,"2025-06-27T11:23:06.287Z"
"685e7f2fffa7da25434fc943","9e84ce05","683be4831cd41fe74b91c583","GRANTED",,"NO_VEHICLE",,"2025-06-27T11:23:27.089Z"
"685e813a9e45fc7d438cd1d4","9e84ce05","683be4831cd41fe74b91c583","GRANTED",,"NO_VEHICLE",,"2025-06-27T11:32:10.112Z"
"685e817a9e45fc7d438cd1d5","9e84ce05","683be4831cd41fe74b91c583","GRANTED",,"NO_VEHICLE",,"2025-06-27T11:33:14.542Z"
"685e817a9e45fc7d438cd1d6","9e84ce05","683be4831cd41fe74b91c583","GRANTED",,"NO_VEHICLE",,"2025-06-27T11:33:14.501Z"
"685e81839e45fc7d438cd1d7","9e84ce05","683be4831cd41fe74b91c583","GRANTED",,"NO_VEHICLE",,"2025-06-27T11:33:23.365Z"
"685e81839e45fc7d438cd1d8","9e84ce05","683be4831cd41fe74b91c583","GRANTED",,"NO_VEHICLE",,"2025-06-27T11:33:23.402Z"
"685e81a29e45fc7d438cd1d9","c4df4202","683be4a11cd41fe74b91c584","DENIED","User tidak aktif","NO_VEHICLE",,"2025-06-27T11:33:54.684Z"
"685e81a29e45fc7d438cd1da","c4df4202","683be4a11cd41fe74b91c584","DENIED","User tidak aktif","NO_VEHICLE",,"2025-06-27T11:33:54.721Z"
"685e81b09e45fc7d438cd1db","6b403c02","683d1ac36fae55f399ce5f19","DENIED","User tidak aktif","NO_VEHICLE",,"2025-06-27T11:34:08.078Z"
"685e81b09e45fc7d438cd1dc","6b403c02","683d1ac36fae55f399ce5f19","DENIED","User tidak aktif","NO_VEHICLE",,"2025-06-27T11:34:08.116Z"
"685e81c79e45fc7d438cd1dd","9e84ce05","683be4831cd41fe74b91c583","GRANTED",,"NO_VEHICLE",,"2025-06-27T11:34:31.142Z"
"685e81c79e45fc7d438cd1de","9e84ce05","683be4831cd41fe74b91c583","GRANTED",,"NO_VEHICLE",,"2025-06-27T11:34:31.183Z"
"685e83fe9e45fc7d438cd1df","9e84ce05","683be4831cd41fe74b91c583","GRANTED",,"NO_VEHICLE",,"2025-06-27T11:43:58.116Z"
"685e840e9e45fc7d438cd1e0","9e84ce05","683be4831cd41fe74b91c583","GRANTED",,"NO_VEHICLE",,"2025-06-27T11:44:14.301Z"
"685e8b049e45fc7d438cd1e1","9e84ce05","683be4831cd41fe74b91c583","GRANTED",,"NO_VEHICLE",,"2025-06-27T12:13:56.354Z"
"685e90579e45fc7d438cd1e2","9e84ce05","683be4831cd41fe74b91c583","GRANTED",,"NO_VEHICLE",,"2025-06-27T12:36:39.742Z"
"685e906d9e45fc7d438cd1e3","9e84ce05","683be4831cd41fe74b91c583","GRANTED",,"NO_VEHICLE",,"2025-06-27T12:37:01.262Z"
"685e90799e45fc7d438cd1e4","9e84ce05","683be4831cd41fe74b91c583","GRANTED",,"NO_VEHICLE",,"2025-06-27T12:37:13.822Z"
"685e90969e45fc7d438cd1e5","9e84ce05","683be4831cd41fe74b91c583","GRANTED",,"NO_VEHICLE",,"2025-06-27T12:37:42.064Z"
"685e91bb9e45fc7d438cd1e6","9e84ce05","683be4831cd41fe74b91c583","GRANTED",,"NO_VEHICLE",,"2025-06-27T12:42:35.088Z"
"685e91cb9e45fc7d438cd1e7","9e84ce05","683be4831cd41fe74b91c583","GRANTED",,"NO_VEHICLE",,"2025-06-27T12:42:51.088Z"
"685e91d29e45fc7d438cd1e8","9e84ce05","683be4831cd41fe74b91c583","GRANTED",,"NO_VEHICLE",,"2025-06-27T12:42:58.280Z"
"685e92529e45fc7d438cd1e9","9e84ce05","683be4831cd41fe74b91c583","GRANTED",,"NO_VEHICLE",,"2025-06-27T12:45:06.821Z"
"685e936e9e45fc7d438cd1ea","9e84ce05","683be4831cd41fe74b91c583","GRANTED",,"NO_VEHICLE",,"2025-06-27T12:49:50.644Z"
"685e93e69e45fc7d438cd1eb","9e84ce05","683be4831cd41fe74b91c583","GRANTED",,"NO_VEHICLE",,"2025-06-27T12:51:50.764Z"
"685e958f9e45fc7d438cd1ec","9e84ce05","683be4831cd41fe74b91c583","GRANTED",,"NO_VEHICLE",,"2025-06-27T12:58:55.645Z"
"685e96019e45fc7d438cd1ed","c4df4202","683be4a11cd41fe74b91c584","DENIED","User tidak aktif","NO_VEHICLE",,"2025-06-27T13:00:49.589Z"
"685e96649e45fc7d438cd1ee","c4df4202","683be4a11cd41fe74b91c584","DENIED","User tidak aktif","NO_VEHICLE",,"2025-06-27T13:02:28.620Z"
"685e96bf9e45fc7d438cd1ef","c4df4202","683be4a11cd41fe74b91c584","DENIED","User tidak aktif","NO_VEHICLE",,"2025-06-27T13:03:59.998Z"
"685e96d89e45fc7d438cd1f0","c4df4202","683be4a11cd41fe74b91c584","DENIED","User tidak aktif","NO_VEHICLE",,"2025-06-27T13:04:24.198Z"
"685e97339e45fc7d438cd1f1","c4df4202","683be4a11cd41fe74b91c584","DENIED","User tidak aktif","NO_VEHICLE",,"2025-06-27T13:05:55.195Z"
"685e97569e45fc7d438cd1f2","c4df4202","683be4a11cd41fe74b91c584","DENIED","User tidak aktif","NO_VEHICLE",,"2025-06-27T13:06:30.037Z"
"685e982f9e45fc7d438cd1f3","9e84ce05","683be4831cd41fe74b91c583","GRANTED",,"NO_VEHICLE",,"2025-06-27T13:10:07.813Z"
"685e98e19e45fc7d438cd1f4","9e84ce05","683be4831cd41fe74b91c583","GRANTED",,"NO_VEHICLE",,"2025-06-27T13:13:05.621Z"
"685e9b339e45fc7d438cd1f5","9e84ce05","683be4831cd41fe74b91c583","GRANTED",,"NO_VEHICLE",,"2025-06-27T13:22:59.170Z"
"685e9be19e45fc7d438cd1f6","c4df4202","683be4a11cd41fe74b91c584","DENIED","User tidak aktif","NO_VEHICLE",,"2025-06-27T13:25:53.318Z"
"685e9c5a9e45fc7d438cd1f7","c4df4202","683be4a11cd41fe74b91c584","DENIED","User tidak aktif","NO_VEHICLE",,"2025-06-27T13:27:54.557Z"
"685e9c849e45fc7d438cd1f8","c4df4202","683be4a11cd41fe74b91c584","DENIED","User tidak aktif","NO_VEHICLE",,"2025-06-27T13:28:36.948Z"
"685e9cad9e45fc7d438cd1f9","c4df4202","683be4a11cd41fe74b91c584","DENIED","User tidak aktif","NO_VEHICLE",,"2025-06-27T13:29:17.228Z"
"685e9cf89e45fc7d438cd1fa","c4df4202","683be4a11cd41fe74b91c584","DENIED","User tidak aktif","NO_VEHICLE",,"2025-06-27T13:30:32.571Z"
"685e9d4d9e45fc7d438cd1fb","c4df4202","683be4a11cd41fe74b91c584","DENIED","User tidak aktif","NO_VEHICLE",,"2025-06-27T13:31:57.998Z"
"685e9d589e45fc7d438cd1fc","c4df4202","683be4a11cd41fe74b91c584","DENIED","User tidak aktif","NO_VEHICLE",,"2025-06-27T13:32:08.995Z"
"685e9d7a9e45fc7d438cd1fd","c4df4202","683be4a11cd41fe74b91c584","DENIED","User tidak aktif","NO_VEHICLE",,"2025-06-27T13:32:42.141Z"
"685e9d859e45fc7d438cd1fe","c4df4202","683be4a11cd41fe74b91c584","DENIED","User tidak aktif","NO_VEHICLE",,"2025-06-27T13:32:53.345Z"
"685e9d999e45fc7d438cd1ff","9e84ce05","683be4831cd41fe74b91c583","GRANTED",,"NO_VEHICLE",,"2025-06-27T13:33:13.353Z"
"685e9d9e9e45fc7d438cd200","9e84ce05","683be4831cd41fe74b91c583","GRANTED",,"NO_VEHICLE",,"2025-06-27T13:33:18.547Z"
"685e9da69e45fc7d438cd201","c4df4202","683be4a11cd41fe74b91c584","DENIED","User tidak aktif","NO_VEHICLE",,"2025-06-27T13:33:26.151Z"
"685e9dad9e45fc7d438cd202","9e84ce05","683be4831cd41fe74b91c583","GRANTED",,"NO_VEHICLE",,"2025-06-27T13:33:33.352Z"
"685e9e009e45fc7d438cd203","9e84ce05","683be4831cd41fe74b91c583","GRANTED",,"NO_VEHICLE",,"2025-06-27T13:34:56.573Z"
"685e9e289e45fc7d438cd204","9e84ce05","683be4831cd41fe74b91c583","GRANTED",,"NO_VEHICLE",,"2025-06-27T13:35:36.101Z"
"685e9e4f9e45fc7d438cd205","9e84ce05","683be4831cd41fe74b91c583","GRANTED",,"NO_VEHICLE",,"2025-06-27T13:36:15.196Z"
"685e9e859e45fc7d438cd206","c4df4202","683be4a11cd41fe74b91c584","DENIED","User tidak aktif","NO_VEHICLE",,"2025-06-27T13:37:09.102Z"
"685e9f009e45fc7d438cd207","c4df4202","683be4a11cd41fe74b91c584","DENIED","User tidak aktif","NO_VEHICLE",,"2025-06-27T13:39:12.310Z"
"685e9f4a9e45fc7d438cd208","c4df4202","683be4a11cd41fe74b91c584","DENIED","User tidak aktif","NO_VEHICLE",,"2025-06-27T13:40:26.279Z"
"685e9f549e45fc7d438cd209","c4df4202","683be4a11cd41fe74b91c584","DENIED","User tidak aktif","NO_VEHICLE",,"2025-06-27T13:40:36.450Z"
"685e9fd69e45fc7d438cd20a","c4df4202","683be4a11cd41fe74b91c584","DENIED","User tidak aktif","NO_VEHICLE",,"2025-06-27T13:42:46.453Z"
"685e9fe09e45fc7d438cd20b","9e84ce05","683be4831cd41fe74b91c583","GRANTED",,"NO_VEHICLE",,"2025-06-27T13:42:56.433Z"
"685ea19b9e45fc7d438cd20c","9e84ce05","683be4831cd41fe74b91c583","GRANTED",,"NO_VEHICLE",,"2025-06-27T13:50:19.686Z"
"685ea1e09e45fc7d438cd20d","9e84ce05","683be4831cd41fe74b91c583","GRANTED",,"NO_VEHICLE",,"2025-06-27T13:51:28.074Z"
"685ea2009e45fc7d438cd20e","9e84ce05","683be4831cd41fe74b91c583","GRANTED",,"NO_VEHICLE",,"2025-06-27T13:52:00.851Z"
"685ea2929e45fc7d438cd20f","9e84ce05","683be4831cd41fe74b91c583","GRANTED",,"NO_VEHICLE",,"2025-06-27T13:54:26.697Z"
"685ea29b9e45fc7d438cd210","9e84ce05","683be4831cd41fe74b91c583","GRANTED",,"NO_VEHICLE",,"2025-06-27T13:54:35.530Z"
"685ea2a99e45fc7d438cd211","c4df4202","683be4a11cd41fe74b91c584","DENIED","User tidak aktif","NO_VEHICLE",,"2025-06-27T13:54:49.782Z"
"685ea2ad9e45fc7d438cd212","9e84ce05","683be4831cd41fe74b91c583","GRANTED",,"NO_VEHICLE",,"2025-06-27T13:54:53.973Z"
"685ea34e9e45fc7d438cd213","c4df4202","683be4a11cd41fe74b91c584","DENIED","User tidak aktif","NO_VEHICLE",,"2025-06-27T13:57:34.287Z"
"685ea3549e45fc7d438cd214","9e84ce05","683be4831cd41fe74b91c583","GRANTED",,"NO_VEHICLE",,"2025-06-27T13:57:40.870Z"
"685ea5bf9e45fc7d438cd215","9e84ce05","683be4831cd41fe74b91c583","GRANTED",,"NO_VEHICLE",,"2025-06-27T14:07:59.572Z"
"685ea60c9e45fc7d438cd216","9e84ce05","683be4831cd41fe74b91c583","GRANTED",,"NO_VEHICLE",,"2025-06-27T14:09:16.893Z"
"685ea8f1d5ebf87406267132","c4df4202","683be4a11cd41fe74b91c584","DENIED","User tidak aktif","NO_VEHICLE",,"2025-06-27T14:21:37.575Z"
"685ea8f4d5ebf87406267133","9e84ce05","683be4831cd41fe74b91c583","GRANTED",,"NO_VEHICLE",,"2025-06-27T14:21:40.013Z"
"685ea916d5ebf87406267134","9e84ce05","683be4831cd41fe74b91c583","GRANTED",,"NO_VEHICLE",,"2025-06-27T14:22:14.719Z"
"685ea91dd5ebf87406267135","c4df4202","683be4a11cd41fe74b91c584","DENIED","User tidak aktif","NO_VEHICLE",,"2025-06-27T14:22:21.631Z"
"685ea922d5ebf87406267136","9e84ce05","683be4831cd41fe74b91c583","GRANTED",,"NO_VEHICLE",,"2025-06-27T14:22:26.019Z"
"685ea927d5ebf87406267137","9e84ce05","683be4831cd41fe74b91c583","GRANTED",,"NO_VEHICLE",,"2025-06-27T14:22:31.120Z"
"685ea92bd5ebf87406267138","9e84ce05","683be4831cd41fe74b91c583","GRANTED",,"NO_VEHICLE",,"2025-06-27T14:22:35.523Z"
"685ea949d5ebf87406267139","9e84ce05","683be4831cd41fe74b91c583","GRANTED",,"NO_VEHICLE",,"2025-06-27T14:23:05.438Z"
"685ea97dd5ebf8740626713a","9e84ce05","683be4831cd41fe74b91c583","GRANTED",,"NO_VEHICLE",,"2025-06-27T14:23:57.731Z"
"685ea983d5ebf8740626713b","9e84ce05","683be4831cd41fe74b91c583","GRANTED",,"NO_VEHICLE",,"2025-06-27T14:24:03.400Z"
"685ea98fd5ebf8740626713c","9e84ce05","683be4831cd41fe74b91c583","GRANTED",,"NO_VEHICLE",,"2025-06-27T14:24:15.411Z"
"685ea992d5ebf8740626713d","9e84ce05","683be4831cd41fe74b91c583","GRANTED",,"NO_VEHICLE",,"2025-06-27T14:24:18.746Z"
"685ea99bd5ebf8740626713e","9e84ce05","683be4831cd41fe74b91c583","GRANTED",,"NO_VEHICLE",,"2025-06-27T14:24:27.741Z"
"685ea9a0d5ebf8740626713f","9e84ce05","683be4831cd41fe74b91c583","GRANTED",,"NO_VEHICLE",,"2025-06-27T14:24:32.945Z"
"685eae4ad5ebf87406267140","9e84ce05","683be4831cd41fe74b91c583","GRANTED",,"NO_VEHICLE",,"2025-06-27T14:44:26.500Z"
"685eae59d5ebf87406267141","9e84ce05","683be4831cd41fe74b91c583","GRANTED",,"NO_VEHICLE",,"2025-06-27T14:44:41.616Z"
"685eb2e7d5ebf87406267142","9e84ce05","683be4831cd41fe74b91c583","GRANTED",,"NO_VEHICLE",,"2025-06-27T15:04:07.879Z"
"685ec4e9d5ebf87406267143","9e84ce05","683be4831cd41fe74b91c583","GRANTED",,,,"2025-06-27T16:20:57.805Z"
"685ec524d5ebf87406267144","9e84ce05","683be4831cd41fe74b91c583","GRANTED",,,,"2025-06-27T16:21:56.206Z"
"685ec524d5ebf87406267147","9e84ce05","683be4831cd41fe74b91c583","GRANTED",,,,"2025-06-27T16:21:56.316Z"
"685ec524d5ebf87406267148","9e84ce05","683be4831cd41fe74b91c583","GRANTED",,,,"2025-06-27T16:21:56.550Z"
"685ec524d5ebf87406267149","9e84ce05","683be4831cd41fe74b91c583","GRANTED",,,,"2025-06-27T16:21:56.562Z"
"685ec524d5ebf87406267145","9e84ce05","683be4831cd41fe74b91c583","GRANTED",,,,"2025-06-27T16:21:56.242Z"
"685ec524d5ebf87406267146","9e84ce05","683be4831cd41fe74b91c583","GRANTED",,,,"2025-06-27T16:21:56.279Z"
"685ec52ed5ebf8740626714a","9e84ce05","683be4831cd41fe74b91c583","GRANTED",,,,"2025-06-27T16:22:06.490Z"
"685ec54cd5ebf8740626714b","9e84ce05","683be4831cd41fe74b91c583","GRANTED",,,,"2025-06-27T16:22:36.617Z"
"685ec6c6d5ebf8740626714c","9e84ce05","683be4831cd41fe74b91c583","GRANTED",,,,"2025-06-27T16:28:54.224Z"
"685ec70ad5ebf8740626714d","9e84ce05","683be4831cd41fe74b91c583","GRANTED",,"NO_VEHICLE",,"2025-06-27T16:30:02.385Z"
"685ec747d5ebf8740626714e","9e84ce05","683be4831cd41fe74b91c583","GRANTED",,"NO_VEHICLE",,"2025-06-27T16:31:03.740Z"
"685ecbaed5ebf8740626714f","9e84ce05","683be4831cd41fe74b91c583","GRANTED",,"NO_VEHICLE",,"2025-06-27T16:49:50.239Z"
"685ecbe8d5ebf87406267150","9e84ce05","683be4831cd41fe74b91c583","GRANTED",,"NO_VEHICLE",,"2025-06-27T16:50:48.173Z"
"685ecbe8d5ebf87406267151","9e84ce05","683be4831cd41fe74b91c583","GRANTED",,"NO_VEHICLE",,"2025-06-27T16:50:48.214Z"
"685ecc50d5ebf87406267152","9e84ce05","683be4831cd41fe74b91c583","GRANTED",,"NO_VEHICLE",,"2025-06-27T16:52:32.608Z"
"685ecc50d5ebf87406267153","9e84ce05","683be4831cd41fe74b91c583","GRANTED",,"NO_VEHICLE",,"2025-06-27T16:52:32.650Z"
"685eccbcd5ebf87406267154","9e84ce05","683be4831cd41fe74b91c583","GRANTED",,"NO_VEHICLE",,"2025-06-27T16:54:20.166Z"
"685eccbcd5ebf87406267155","9e84ce05","683be4831cd41fe74b91c583","GRANTED",,"NO_VEHICLE",,"2025-06-27T16:54:20.205Z"
"685ed300d5ebf87406267156","9e84ce05","683be4831cd41fe74b91c583","GRANTED",,"NO_VEHICLE",,"2025-06-27T17:21:04.809Z"
"685ed315d5ebf87406267157","6b403c02","683d1ac36fae55f399ce5f19","DENIED","User tidak aktif","CAR",,"2025-06-27T17:21:25.895Z"
"685ed335d5ebf87406267158","9e84ce05","683be4831cd41fe74b91c583","GRANTED",,"BIKE",,"2025-06-27T17:21:57.116Z"
"685f3cdfb0c4b574ee75e72d","9e84ce05","683be4831cd41fe74b91c583","GRANTED",,"NO_VEHICLE",,"2025-06-28T00:52:47.588Z"
"685f3d6292fe649654eb3d9a","9e84ce05","683be4831cd41fe74b91c583","GRANTED",,"NO_VEHICLE",,"2025-06-28T00:54:58.765Z"
"685f3d87b0c4b574ee75e72e","9e84ce05","683be4831cd41fe74b91c583","GRANTED",,"BIKE",,"2025-06-28T00:55:35.900Z"
"685f3da1b0c4b574ee75e72f","9e84ce05","683be4831cd41fe74b91c583","GRANTED",,"NO_VEHICLE",,"2025-06-28T00:56:01.475Z"
"685f3dc3b0c4b574ee75e730","9e84ce05","683be4831cd41fe74b91c583","GRANTED",,"NO_VEHICLE",,"2025-06-28T00:56:35.440Z"
"685f3de0b0c4b574ee75e731","9e84ce05","683be4831cd41fe74b91c583","GRANTED",,"CAR",,"2025-06-28T00:57:04.823Z"
"685f3e00b0c4b574ee75e732","9e84ce05","683be4831cd41fe74b91c583","GRANTED",,"BIKE",,"2025-06-28T00:57:36.678Z"
"685f3ed0b0c4b574ee75e733","9e84ce05","683be4831cd41fe74b91c583","GRANTED",,"NO_VEHICLE",,"2025-06-28T01:01:04.178Z"
"685f3ed092fe649654eb3d9b","9e84ce05","683be4831cd41fe74b91c583","GRANTED",,"CAR",,"2025-06-28T01:01:04.853Z"
"685f3ee0b0c4b574ee75e734","9e84ce05","683be4831cd41fe74b91c583","GRANTED",,"NO_VEHICLE",,"2025-06-28T01:01:20.960Z"
"685f3ee192fe649654eb3d9c","9e84ce05","683be4831cd41fe74b91c583","GRANTED",,"BIKE",,"2025-06-28T01:01:21.504Z"
"685f4180b0c4b574ee75e735","9e84ce05","683be4831cd41fe74b91c583","GRANTED",,"NO_VEHICLE",,"2025-06-28T01:12:32.602Z"
"685f418392fe649654eb3d9d","9e84ce05","683be4831cd41fe74b91c583","GRANTED",,"BIKE",,"2025-06-28T01:12:35.524Z"
"685f4199b0c4b574ee75e736","9e84ce05","683be4831cd41fe74b91c583","GRANTED",,"NO_VEHICLE",,"2025-06-28T01:12:57.418Z"
"685f419a92fe649654eb3d9e","9e84ce05","683be4831cd41fe74b91c583","GRANTED",,"NO_VEHICLE",,"2025-06-28T01:12:58.003Z"
"685f4ae4b0c4b574ee75e737","9e84ce05","683be4831cd41fe74b91c583","GRANTED",,"NO_VEHICLE",,"2025-06-28T01:52:36.033Z"
"685f4ae492fe649654eb3d9f","9e84ce05","683be4831cd41fe74b91c583","GRANTED",,"BIKE",,"2025-06-28T01:52:36.809Z"
"685f4afbb0c4b574ee75e738","9e84ce05","683be4831cd41fe74b91c583","GRANTED",,"NO_VEHICLE",,"2025-06-28T01:52:59.009Z"
"685f4afb92fe649654eb3da0","9e84ce05","683be4831cd41fe74b91c583","GRANTED",,"CAR",,"2025-06-28T01:52:59.619Z"
"685f4b08b0c4b574ee75e739","9e84ce05","683be4831cd41fe74b91c583","GRANTED",,"NO_VEHICLE",,"2025-06-28T01:53:12.921Z"
"685f4b0992fe649654eb3da1","9e84ce05","683be4831cd41fe74b91c583","GRANTED",,"NO_VEHICLE",,"2025-06-28T01:53:13.485Z"
"685f4b18b0c4b574ee75e73a","c4df4202","683be4a11cd41fe74b91c584","DENIED","User tidak aktif","NO_VEHICLE",,"2025-06-28T01:53:28.194Z"
"685f4b1892fe649654eb3da2","c4df4202","683be4a11cd41fe74b91c584","DENIED","User tidak aktif","NO_VEHICLE",,"2025-06-28T01:53:28.838Z"
"68679849ac5d59bcb5ee7c52","9e84ce05","683be4831cd41fe74b91c583","GRANTED",,"NO_VEHICLE",,"2025-07-04T09:00:57.129Z"
"6867a280ac5d59bcb5ee7c53","9e84ce05","683be4831cd41fe74b91c583","GRANTED",,"CAR",,"2025-07-04T09:44:32.678Z"
"6867a2a5ac5d59bcb5ee7c54","9e84ce05","683be4831cd41fe74b91c583","GRANTED",,"NO_VEHICLE",,"2025-07-04T09:45:09.723Z"
"6867a2b7ac5d59bcb5ee7c55","9e84ce05","683be4831cd41fe74b91c583","GRANTED",,"CAR",,"2025-07-04T09:45:27.471Z"
"6867a2daac5d59bcb5ee7c56","9e84ce05","683be4831cd41fe74b91c583","GRANTED",,"BIKE",,"2025-07-04T09:46:02.536Z"
"6867a30cac5d59bcb5ee7c57","9e84ce05","683be4831cd41fe74b91c583","GRANTED",,"BIKE",,"2025-07-04T09:46:52.047Z"
"6867a31fac5d59bcb5ee7c58","9e84ce05","683be4831cd41fe74b91c583","GRANTED",,"NO_VEHICLE",,"2025-07-04T09:47:11.860Z"
"6867a3fcac5d59bcb5ee7c59","9e84ce05","683be4831cd41fe74b91c583","GRANTED",,"CAR",,"2025-07-04T09:50:52.297Z"
"6867dd7c6c9600436b05687a","9e84ce05","683be4831cd41fe74b91c583","GRANTED",,"NO_VEHICLE",,"2025-07-04T13:56:12.847Z"
"6868acc924ad26b429a61206","9e84ce05","683be4831cd41fe74b91c583","GRANTED",,"BIKE",,"2025-07-05T04:40:41.234Z"
"6868acd924ad26b429a61207","9e84ce05","683be4831cd41fe74b91c583","GRANTED",,"NO_VEHICLE",,"2025-07-05T04:40:57.209Z"
"6868acf424ad26b429a61208","9e84ce05","683be4831cd41fe74b91c583","GRANTED",,"NO_VEHICLE",,"2025-07-05T04:41:24.714Z"
"6869ffd5073bc286dd177720","9e84ce05","683be4831cd41fe74b91c583","GRANTED",,"NO_VEHICLE",,"2025-07-06T04:47:17.445Z"
"6869ffe4073bc286dd177721","9e84ce05","683be4831cd41fe74b91c583","GRANTED",,"BIKE",,"2025-07-06T04:47:32.005Z"
"6869ffec073bc286dd177722","9e84ce05","683be4831cd41fe74b91c583","GRANTED",,"BIKE",,"2025-07-06T04:47:40.842Z"
"6869fff7073bc286dd177723","9e84ce05","683be4831cd41fe74b91c583","GRANTED",,"NO_VEHICLE",,"2025-07-06T04:47:51.901Z"
"686a0000073bc286dd177724","9e84ce05","683be4831cd41fe74b91c583","GRANTED",,"BIKE",,"2025-07-06T04:48:00.840Z"
"686a0006073bc286dd177725","9e84ce05","683be4831cd41fe74b91c583","GRANTED",,"NO_VEHICLE",,"2025-07-06T04:48:06.956Z"
"686a000c073bc286dd177726","9e84ce05","683be4831cd41fe74b91c583","GRANTED",,"NO_VEHICLE",,"2025-07-06T04:48:12.242Z"
"686a0012073bc286dd177727","9e84ce05","683be4831cd41fe74b91c583","GRANTED",,"BIKE",,"2025-07-06T04:48:18.463Z"
"686a002f073bc286dd177728","9e84ce05","683be4831cd41fe74b91c583","GRANTED",,"NO_VEHICLE",,"2025-07-06T04:48:47.576Z"
"686a003a073bc286dd177729","9e84ce05","683be4831cd41fe74b91c583","GRANTED",,"NO_VEHICLE",,"2025-07-06T04:48:58.317Z"
"686a0043073bc286dd17772a","9e84ce05","683be4831cd41fe74b91c583","GRANTED",,"NO_VEHICLE",,"2025-07-06T04:49:07.802Z"
"686a004a073bc286dd17772b","9e84ce05","683be4831cd41fe74b91c583","GRANTED",,"BIKE",,"2025-07-06T04:49:14.736Z"
"686a0069073bc286dd17772c","9e84ce05","683be4831cd41fe74b91c583","GRANTED",,"NO_VEHICLE",,"2025-07-06T04:49:45.477Z"
"686a0076073bc286dd17772d","9e84ce05","683be4831cd41fe74b91c583","GRANTED",,"NO_VEHICLE",,"2025-07-06T04:49:58.515Z"
"686a007b073bc286dd17772e","9e84ce05","683be4831cd41fe74b91c583","GRANTED",,"NO_VEHICLE",,"2025-07-06T04:50:03.107Z"
"686a0096073bc286dd17772f","9e84ce05","683be4831cd41fe74b91c583","GRANTED",,"BIKE",,"2025-07-06T04:50:30.532Z"
"686a009d073bc286dd177730","9e84ce05","683be4831cd41fe74b91c583","GRANTED",,"NO_VEHICLE",,"2025-07-06T04:50:37.108Z"
"686a00bc073bc286dd177731","9e84ce05","683be4831cd41fe74b91c583","GRANTED",,"BIKE",,"2025-07-06T04:51:08.211Z"
"686a01f9c051dd036aeb565e","9e84ce05","683be4831cd41fe74b91c583","GRANTED",,"NO_VEHICLE",,"2025-07-06T04:56:25.505Z"
"686a01fac051dd036aeb565f","9e84ce05","683be4831cd41fe74b91c583","GRANTED",,"NO_VEHICLE",,"2025-07-06T04:56:26.322Z"
"686a0207c051dd036aeb5660","9e84ce05","683be4831cd41fe74b91c583","GRANTED",,"NO_VEHICLE",,"2025-07-06T04:56:39.750Z"
"686a0210c051dd036aeb5661","9e84ce05","683be4831cd41fe74b91c583","GRANTED",,"BIKE",,"2025-07-06T04:56:48.377Z"
"686a022e7f5821a53224043d","9e84ce05","683be4831cd41fe74b91c583","GRANTED",,"NO_VEHICLE",,"2025-07-06T04:57:18.440Z"
"686a02327f5821a53224043e","9e84ce05","683be4831cd41fe74b91c583","GRANTED",,"NO_VEHICLE",,"2025-07-06T04:57:22.394Z"
"686a02417f5821a53224043f","9e84ce05","683be4831cd41fe74b91c583","GRANTED",,"BIKE",,"2025-07-06T04:57:37.800Z"
"686a024b7f5821a532240440","9e84ce05","683be4831cd41fe74b91c583","GRANTED",,"BIKE",,"2025-07-06T04:57:47.164Z"
"686a02567f5821a532240441","9e84ce05","683be4831cd41fe74b91c583","GRANTED",,"CAR",,"2025-07-06T04:57:58.171Z"
"686a025d7f5821a532240442","9e84ce05","683be4831cd41fe74b91c583","GRANTED",,"NO_VEHICLE",,"2025-07-06T04:58:05.170Z"
"686a02657f5821a532240443","9e84ce05","683be4831cd41fe74b91c583","GRANTED",,"CAR",,"2025-07-06T04:58:13.098Z"
"686a02727f5821a532240444","9e84ce05","683be4831cd41fe74b91c583","GRANTED",,"NO_VEHICLE",,"2025-07-06T04:58:26.808Z"
"686a02787f5821a532240445","9e84ce05","683be4831cd41fe74b91c583","GRANTED",,"NO_VEHICLE",,"2025-07-06T04:58:32.600Z"
"686a027d7f5821a532240446","9e84ce05","683be4831cd41fe74b91c583","GRANTED",,"NO_VEHICLE",,"2025-07-06T04:58:37.518Z"
"686a02877f5821a532240447","9e84ce05","683be4831cd41fe74b91c583","GRANTED",,"NO_VEHICLE",,"2025-07-06T04:58:47.882Z"
"686a04a07f5821a532240448","9e84ce05","683be4831cd41fe74b91c583","GRANTED",,"NO_VEHICLE",,"2025-07-06T05:07:44.730Z"
"686a0a72dcc42a4a4fb5ecfa","9e84ce05","683be4831cd41fe74b91c583","GRANTED",,"NO_VEHICLE",,"2025-07-06T05:32:34.962Z"
"686a0a7ddcc42a4a4fb5ecfb","9e84ce05","683be4831cd41fe74b91c583","GRANTED",,"NO_VEHICLE",,"2025-07-06T05:32:45.657Z"
"686a0aedbd813b1d5017a8ec","9e84ce05","683be4831cd41fe74b91c583","GRANTED",,"NO_VEHICLE",,"2025-07-06T05:34:37.126Z"
"686a0b485577e0d22e63e619","9e84ce05","683be4831cd41fe74b91c583","GRANTED",,"NO_VEHICLE",,"2025-07-06T05:36:08.618Z"
"686a0b635577e0d22e63e61a","9e84ce05","683be4831cd41fe74b91c583","GRANTED",,"NO_VEHICLE",,"2025-07-06T05:36:35.086Z"
"686a27865577e0d22e63e61b","9e84ce05","683be4831cd41fe74b91c583","GRANTED",,"NO_VEHICLE",,"2025-07-06T07:36:38.088Z"
"686a35ca5577e0d22e63e61c","6b403c02","683d1ac36fae55f399ce5f19","DENIED","User tidak aktif","NO_VEHICLE",,"2025-07-06T08:37:30.858Z"
"686a35e75577e0d22e63e61d","9e84ce05","683be4831cd41fe74b91c583","GRANTED",,"NO_VEHICLE",,"2025-07-06T08:37:59.988Z"
"686a35fe5577e0d22e63e61e","9e84ce05","683be4831cd41fe74b91c583","GRANTED",,,,"2025-07-06T08:38:22.916Z"
"686a360d5577e0d22e63e61f","9e84ce05","683be4831cd41fe74b91c583","GRANTED",,,,"2025-07-06T08:38:37.916Z"
"686a36135577e0d22e63e620","9e84ce05","683be4831cd41fe74b91c583","GRANTED",,,,"2025-07-06T08:38:43.111Z"
"686a364e5577e0d22e63e621","9e84ce05","683be4831cd41fe74b91c583","GRANTED",,,,"2025-07-06T08:39:42.653Z"
"686a36545577e0d22e63e622","9e84ce05","683be4831cd41fe74b91c583","GRANTED",,,,"2025-07-06T08:39:48.749Z"
"686a365c5577e0d22e63e623","9e84ce05","683be4831cd41fe74b91c583","GRANTED",,,,"2025-07-06T08:39:56.523Z"
"686a36605577e0d22e63e624","9e84ce05","683be4831cd41fe74b91c583","GRANTED",,,,"2025-07-06T08:40:00.763Z"
"686a3680494e321122b5ac2c","9e84ce05","683be4831cd41fe74b91c583","GRANTED",,,,"2025-07-06T08:40:32.633Z"
"686a36df494e321122b5ac2d","9e84ce05","683be4831cd41fe74b91c583","GRANTED",,"NO_VEHICLE",,"2025-07-06T08:42:07.180Z"
"686a36e7494e321122b5ac2e","9e84ce05","683be4831cd41fe74b91c583","GRANTED",,"NO_VEHICLE",,"2025-07-06T08:42:15.212Z"
"686a36ed494e321122b5ac2f","9e84ce05","683be4831cd41fe74b91c583","GRANTED",,"NO_VEHICLE",,"2025-07-06T08:42:21.204Z"
"686a36fe494e321122b5ac30","9e84ce05","683be4831cd41fe74b91c583","GRANTED",,"NO_VEHICLE",,"2025-07-06T08:42:38.799Z"
"686a3869494e321122b5ac31","6b403c02","683d1ac36fae55f399ce5f19","DENIED","User tidak aktif","NO_VEHICLE",,"2025-07-06T08:48:41.835Z"
"686a3870494e321122b5ac32","9e84ce05","683be4831cd41fe74b91c583","GRANTED",,"NO_VEHICLE",,"2025-07-06T08:48:48.045Z"
"686a3876494e321122b5ac33","6b403c02","683d1ac36fae55f399ce5f19","DENIED","User tidak aktif","NO_VEHICLE",,"2025-07-06T08:48:54.631Z"
"686a387c494e321122b5ac34","c4df4202","683be4a11cd41fe74b91c584","GRANTED",,"NO_VEHICLE",,"2025-07-06T08:49:00.032Z"
"686a3917494e321122b5ac35","9e84ce05","683be4831cd41fe74b91c583","GRANTED",,"NO_VEHICLE",,"2025-07-06T08:51:35.669Z"
"686a3935494e321122b5ac36","9e84ce05","683be4831cd41fe74b91c583","GRANTED",,"NO_VEHICLE",,"2025-07-06T08:52:05.921Z"
"686a3951494e321122b5ac37","9e84ce05","683be4831cd41fe74b91c583","GRANTED",,"NO_VEHICLE",,"2025-07-06T08:52:33.244Z"
"686a3971494e321122b5ac38","4e2549c5",,"DENIED","UID tidak terdaftar","NO_VEHICLE",,"2025-07-06T08:53:05.242Z"
"686a399b494e321122b5ac3a","4e2549c5",,"GRANTED",,"NO_VEHICLE",,"2025-07-06T08:53:47.642Z"
"686a39aa494e321122b5ac3b","4e2549c5",,"DENIED","User tidak aktif","NO_VEHICLE",,"2025-07-06T08:54:02.844Z"
"686a39b6494e321122b5ac3c","4e2549c5",,"DENIED","UID tidak terdaftar","NO_VEHICLE",,"2025-07-06T08:54:14.039Z"
"686a39c9494e321122b5ac3d","9e84ce05","683be4831cd41fe74b91c583","GRANTED",,"NO_VEHICLE",,"2025-07-06T08:54:33.625Z"
"686ca76674867623188c0297","9e84ce05","683be4831cd41fe74b91c583","GRANTED",,"NO_VEHICLE",,"2025-07-08T05:06:46.681Z"
"686cb59674867623188c0298","9e84ce05","683be4831cd41fe74b91c583","GRANTED",,"NO_VEHICLE",,"2025-07-08T06:07:18.924Z"
"686cb76a74867623188c0299","9e84ce05","683be4831cd41fe74b91c583","GRANTED",,"NO_VEHICLE",,"2025-07-08T06:15:06.434Z"
"686d2c4274867623188c029a","9e84ce05","683be4831cd41fe74b91c583","GRANTED",,"NO_VEHICLE",,"2025-07-08T14:33:38.625Z"
"686d2c4b74867623188c029b","c4df4202","683be4a11cd41fe74b91c584","GRANTED",,"NO_VEHICLE",,"2025-07-08T14:33:47.039Z"
"686d2c5574867623188c029c","6b403c02","683d1ac36fae55f399ce5f19","DENIED","User tidak aktif","NO_VEHICLE",,"2025-07-08T14:33:57.039Z"
"686e59285bddb60281976bca","9e84ce05","683be4831cd41fe74b91c583","GRANTED",,"CAR",,"2025-07-09T11:57:28.830Z"
"686e59425bddb60281976bcb","9e84ce05","683be4831cd41fe74b91c583","GRANTED",,"BIKE",,"2025-07-09T11:57:54.033Z"
"686fa4202735b5ec18b9a492","9e84ce05","683be4831cd41fe74b91c583","GRANTED",,"NO_VEHICLE",,"2025-07-10T11:29:36.670Z"
"686fa4292735b5ec18b9a493","c4df4202","683be4a11cd41fe74b91c584","DENIED","User tidak aktif","NO_VEHICLE",,"2025-07-10T11:29:45.556Z"
"686fa42e2735b5ec18b9a494","6b403c02","683d1ac36fae55f399ce5f19","DENIED","User tidak aktif","NO_VEHICLE",,"2025-07-10T11:29:50.347Z"
"686fa4322735b5ec18b9a495","9e84ce05","683be4831cd41fe74b91c583","GRANTED",,"NO_VEHICLE",,"2025-07-10T11:29:54.356Z"
"686fa4cf2735b5ec18b9a496","9e84ce05","683be4831cd41fe74b91c583","GRANTED",,"NO_VEHICLE",,"2025-07-10T11:32:31.075Z"
"686fa5452735b5ec18b9a497","9e84ce05","683be4831cd41fe74b91c583","GRANTED",,"NO_VEHICLE",,"2025-07-10T11:34:29.334Z"
"686fa5572735b5ec18b9a498","9e84ce05","683be4831cd41fe74b91c583","GRANTED",,"NO_VEHICLE",,"2025-07-10T11:34:47.079Z"
"686fa55b2735b5ec18b9a499","9e84ce05","683be4831cd41fe74b91c583","GRANTED",,"NO_VEHICLE",,"2025-07-10T11:34:51.080Z"
"686fa5692735b5ec18b9a49a","9e84ce05","683be4831cd41fe74b91c583","GRANTED",,"NO_VEHICLE",,"2025-07-10T11:35:05.146Z"
"686fa5842735b5ec18b9a49b","9e84ce05","683be4831cd41fe74b91c583","GRANTED",,"NO_VEHICLE",,"2025-07-10T11:35:32.689Z"
"686fa5992735b5ec18b9a49c","9e84ce05","683be4831cd41fe74b91c583","GRANTED",,"NO_VEHICLE",,"2025-07-10T11:35:53.687Z"
"686fa5f72735b5ec18b9a49d","9e84ce05","683be4831cd41fe74b91c583","GRANTED",,"BIKE",,"2025-07-10T11:37:27.526Z"
"686fa60d2735b5ec18b9a49e","9e84ce05","683be4831cd41fe74b91c583","GRANTED",,"CAR",,"2025-07-10T11:37:49.496Z"
"686fa6ce2735b5ec18b9a49f","9e84ce05","683be4831cd41fe74b91c583","GRANTED",,"CAR",,"2025-07-10T11:41:02.695Z"
"686fa72b2735b5ec18b9a4a0","9e84ce05","683be4831cd41fe74b91c583","GRANTED",,"NO_VEHICLE",,"2025-07-10T11:42:35.336Z"
"686fa76a2735b5ec18b9a4a1","9e84ce05","683be4831cd41fe74b91c583","GRANTED",,"CAR",,"2025-07-10T11:43:38.539Z"
"686fa9362735b5ec18b9a4a2","9e84ce05","683be4831cd41fe74b91c583","GRANTED",,"CAR",,"2025-07-10T11:51:18.760Z"
"686fa9c92735b5ec18b9a4a3","9e84ce05","683be4831cd41fe74b91c583","GRANTED",,"NO_VEHICLE",,"2025-07-10T11:53:45.745Z"
"686fa9fa2735b5ec18b9a4a4","9e84ce05","683be4831cd41fe74b91c583","GRANTED",,"NO_VEHICLE",,"2025-07-10T11:54:34.087Z"
"686fac212735b5ec18b9a4a5","9e84ce05","683be4831cd41fe74b91c583","GRANTED",,"NO_VEHICLE",,"2025-07-10T12:03:45.784Z"
"686fb2b62735b5ec18b9a4a6","9e84ce05","683be4831cd41fe74b91c583","GRANTED",,"NO_VEHICLE",,"2025-07-10T12:31:50.150Z"
"686fb2c22735b5ec18b9a4a7","9e84ce05","683be4831cd41fe74b91c583","GRANTED",,"NO_VEHICLE",,"2025-07-10T12:32:02.933Z"
"686fb3a22735b5ec18b9a4a8","9e84ce05","683be4831cd41fe74b91c583","GRANTED",,"NO_VEHICLE",,"2025-07-10T12:35:46.959Z"
"686fb4c72735b5ec18b9a4a9","9e84ce05","683be4831cd41fe74b91c583","GRANTED",,"BIKE",,"2025-07-10T12:40:39.365Z"
"686fb5132735b5ec18b9a4aa","9e84ce05","683be4831cd41fe74b91c583","GRANTED",,"CAR",,"2025-07-10T12:41:55.170Z"
"686fd1022735b5ec18b9a4ab","9e84ce05","683be4831cd41fe74b91c583","GRANTED",,"NO_VEHICLE",,"2025-07-10T14:41:06.616Z"
"686fd10e2735b5ec18b9a4ac","9e84ce05","683be4831cd41fe74b91c583","GRANTED",,"NO_VEHICLE",,"2025-07-10T14:41:18.492Z"
"686fd11f2735b5ec18b9a4ad","9e84ce05","683be4831cd41fe74b91c583","GRANTED",,"NO_VEHICLE",,"2025-07-10T14:41:35.702Z"
"686fd1282735b5ec18b9a4ae","9e84ce05","683be4831cd41fe74b91c583","GRANTED",,"NO_VEHICLE",,"2025-07-10T14:41:44.307Z"
"6871123a4e7ac2e146367eea","6b403c02","683d1ac36fae55f399ce5f19","DENIED","User tidak aktif","NO_VEHICLE",,"2025-07-11T13:31:38.849Z"
"6871124f4e7ac2e146367eeb","c4df4202","683be4a11cd41fe74b91c584","DENIED","User tidak aktif","NO_VEHICLE",,"2025-07-11T13:31:59.090Z"
"6871125a4e7ac2e146367eec","9e84ce05","683be4831cd41fe74b91c583","GRANTED",,"CAR",,"2025-07-11T13:32:10.686Z"
"687112844e7ac2e146367eed","c4df4202","683be4a11cd41fe74b91c584","DENIED","User tidak aktif","NO_VEHICLE",,"2025-07-11T13:32:52.719Z"
"687112ba8daf525350eb1593","9e84ce05","683be4831cd41fe74b91c583","GRANTED",,"BIKE",,"2025-07-11T13:33:46.159Z"
"687112d28daf525350eb1594","6b403c02","683d1ac36fae55f399ce5f19","DENIED","User tidak aktif","NO_VEHICLE",,"2025-07-11T13:34:10.185Z"
"687112e98daf525350eb1595","c4df4202","683be4a11cd41fe74b91c584","DENIED","User tidak aktif","NO_VEHICLE",,"2025-07-11T13:34:33.074Z"
"687112ed8daf525350eb1596","9e84ce05","683be4831cd41fe74b91c583","GRANTED",,"NO_VEHICLE",,"2025-07-11T13:34:37.693Z"
"687112f98daf525350eb1597","9e84ce05","683be4831cd41fe74b91c583","GRANTED",,"NO_VEHICLE",,"2025-07-11T13:34:49.673Z"
"6871a3bd65d923781c2ace85","6b403c02","683d1ac36fae55f399ce5f19","DENIED","User tidak aktif","NO_VEHICLE",,"2025-07-11T23:52:29.349Z"
"6871a3c665d923781c2ace86","c4df4202","683be4a11cd41fe74b91c584","DENIED","User tidak aktif","NO_VEHICLE",,"2025-07-11T23:52:38.890Z"
"6871a3cb65d923781c2ace87","9e84ce05","683be4831cd41fe74b91c583","GRANTED",,"NO_VEHICLE",,"2025-07-11T23:52:43.441Z"
"6871a3e965d923781c2ace88","9e84ce05","683be4831cd41fe74b91c583","GRANTED",,"CAR",,"2025-07-11T23:53:13.413Z"
"6871a3fb65d923781c2ace89","9e84ce05","683be4831cd41fe74b91c583","GRANTED",,"BIKE",,"2025-07-11T23:53:31.810Z"
"6871a73f65d923781c2ace8a","9e84ce05","683be4831cd41fe74b91c583","GRANTED",,"BIKE",,"2025-07-12T00:07:27.775Z"
"6871a7da65d923781c2ace8b","4e2549c5",,"DENIED","UID tidak terdaftar","BIKE",,"2025-07-12T00:10:02.244Z"
"6871ad6165d923781c2ace8c","9e84ce05","683be4831cd41fe74b91c583","GRANTED",,"BIKE",,"2025-07-12T00:33:37.680Z"
"6871ad9b65d923781c2ace8d","4e2549c5",,"DENIED","UID tidak terdaftar","BIKE",,"2025-07-12T00:34:35.281Z"
"6871adb465d923781c2ace8e","4e2549c5",,"DENIED","UID tidak terdaftar","BIKE",,"2025-07-12T00:35:00.086Z"
"6871adc265d923781c2ace8f","9e84ce05","683be4831cd41fe74b91c583","GRANTED",,"BIKE",,"2025-07-12T00:35:14.259Z"
"6871ade965d923781c2ace90","9e84ce05","683be4831cd41fe74b91c583","GRANTED",,"NO_VEHICLE",,"2025-07-12T00:35:53.073Z"
"6871adfc65d923781c2ace91","9e84ce05","683be4831cd41fe74b91c583","GRANTED",,"CAR",,"2025-07-12T00:36:12.299Z"
"6871ae1a65d923781c2ace92","4e2549c5",,"DENIED","UID tidak terdaftar","CAR",,"2025-07-12T00:36:42.276Z"
"6871ae2965d923781c2ace93","4e2549c5",,"DENIED","UID tidak terdaftar","NO_VEHICLE",,"2025-07-12T00:36:57.693Z"
"6871ae3065d923781c2ace94","9e84ce05","683be4831cd41fe74b91c583","GRANTED",,"NO_VEHICLE",,"2025-07-12T00:37:04.299Z"
"6871ae3d65d923781c2ace95","9e84ce05","683be4831cd41fe74b91c583","GRANTED",,"CAR",,"2025-07-12T00:37:17.295Z"
"6871ae6165d923781c2ace96","4e2549c5",,"DENIED","UID tidak terdaftar","NO_VEHICLE",,"2025-07-12T00:37:53.076Z"
"6871b2a465d923781c2ace97","9e84ce05","683be4831cd41fe74b91c583","GRANTED",,"NO_VEHICLE",,"2025-07-12T00:56:04.212Z"
"6871b3fd65d923781c2ace98","9e84ce05","683be4831cd41fe74b91c583","GRANTED",,"BIKE",,"2025-07-12T01:01:49.463Z"
"6871b40265d923781c2ace99","9e84ce05","683be4831cd41fe74b91c583","GRANTED",,"BIKE",,"2025-07-12T01:01:54.620Z"
"6871b6ce65d923781c2ace9a","9e84ce05","683be4831cd41fe74b91c583","GRANTED",,"CAR",,"2025-07-12T01:13:50.407Z"
"6871b70f65d923781c2ace9b","4e2549c5",,"DENIED","UID tidak terdaftar","BIKE",,"2025-07-12T01:14:55.518Z"
"6871b72c65d923781c2ace9c","4e2549c5",,"DENIED","UID tidak terdaftar","BIKE",,"2025-07-12T01:15:24.115Z"
"6871b73365d923781c2ace9d","4e2549c5",,"DENIED","UID tidak terdaftar","BIKE",,"2025-07-12T01:15:31.514Z"
"6871b75765d923781c2ace9f","4e2549c5",,"GRANTED",,"BIKE",,"2025-07-12T01:16:07.129Z"
"6871b78265d923781c2acea0","9e84ce05","683be4831cd41fe74b91c583","GRANTED",,"CAR",,"2025-07-12T01:16:50.353Z"
"6871b7a165d923781c2acea1","4e2549c5",,"DENIED","User tidak aktif","CAR",,"2025-07-12T01:17:21.745Z"
"6871cb6c8a6d635d7d450298","9e84ce05","683be4831cd41fe74b91c583","GRANTED",,"CAR",,"2025-07-12T02:41:48.810Z"
"6871cb798a6d635d7d450299","9e84ce05","683be4831cd41fe74b91c583","GRANTED",,"CAR",,"2025-07-12T02:42:01.815Z"
"6871cc428a6d635d7d45029a","9e84ce05","683be4831cd41fe74b91c583","GRANTED",,"NO_VEHICLE",,"2025-07-12T02:45:22.611Z"
"6871cc478a6d635d7d45029b","9e84ce05","683be4831cd41fe74b91c583","GRANTED",,"NO_VEHICLE",,"2025-07-12T02:45:27.608Z"
"6871ccb48a6d635d7d45029c","9e84ce05","683be4831cd41fe74b91c583","GRANTED",,"NO_VEHICLE",,"2025-07-12T02:47:16.489Z"
"6872222d7869b992d2d94143","6b403c02","683d1ac36fae55f399ce5f19","DENIED","User tidak aktif","BIKE",,"2025-07-12T08:51:57.295Z"
"687225487869b992d2d94144","9e84ce05","683be4831cd41fe74b91c583","GRANTED",,"NO_VEHICLE",,"2025-07-12T09:05:12.788Z"
"687225867869b992d2d94145","c4df4202","683be4a11cd41fe74b91c584","DENIED","User tidak aktif","NO_VEHICLE",,"2025-07-12T09:06:14.616Z"
"687225aa7869b992d2d94146","c4df4202","683be4a11cd41fe74b91c584","DENIED","User tidak aktif","NO_VEHICLE",,"2025-07-12T09:06:50.808Z"
"687225ca7869b992d2d94147","c4df4202","683be4a11cd41fe74b91c584","DENIED","User tidak aktif","NO_VEHICLE",,"2025-07-12T09:07:22.403Z"
"687225d97869b992d2d94148","c4df4202","683be4a11cd41fe74b91c584","DENIED","User tidak aktif","CAR",,"2025-07-12T09:07:37.204Z"
"687225ef7869b992d2d94149","c4df4202","683be4a11cd41fe74b91c584","DENIED","User tidak aktif","NO_VEHICLE",,"2025-07-12T09:07:59.830Z"
"687226077869b992d2d9414a","c4df4202","683be4a11cd41fe74b91c584","DENIED","User tidak aktif","CAR",,"2025-07-12T09:08:23.206Z"
"6872260c7869b992d2d9414b","9e84ce05","683be4831cd41fe74b91c583","GRANTED",,"CAR",,"2025-07-12T09:08:28.201Z"
"687226d57869b992d2d9414c","c4df4202","683be4a11cd41fe74b91c584","DENIED","User tidak aktif","BIKE",,"2025-07-12T09:11:49.459Z"
"687226e67869b992d2d9414d","9e84ce05","683be4831cd41fe74b91c583","GRANTED",,"CAR",,"2025-07-12T09:12:06.646Z"
"687227727869b992d2d9414e","9e84ce05","683be4831cd41fe74b91c583","GRANTED",,"CAR",,"2025-07-12T09:14:26.240Z"
"6872278e7869b992d2d9414f","c4df4202","683be4a11cd41fe74b91c584","DENIED","User tidak aktif","BIKE",,"2025-07-12T09:14:54.437Z"
"687227987869b992d2d94150","4e2549c5",,"DENIED","UID tidak terdaftar","NO_VEHICLE",,"2025-07-12T09:15:04.640Z"
"687227b47869b992d2d94152","4e2549c5",,"DENIED","User tidak aktif","NO_VEHICLE",,"2025-07-12T09:15:32.263Z"
"687227bc7869b992d2d94153","4e2549c5",,"GRANTED",,"NO_VEHICLE",,"2025-07-12T09:15:40.839Z"
"68774e51cebafe7bfc396c35","9e84ce05","683be4831cd41fe74b91c583","GRANTED",,"NO_VEHICLE",,"2025-07-16T07:01:37.106Z"
"68774e51cebafe7bfc396c36","9e84ce05","683be4831cd41fe74b91c583","GRANTED",,"NO_VEHICLE",,"2025-07-16T07:01:37.106Z"
"68774e51cebafe7bfc396c37","9e84ce05","683be4831cd41fe74b91c583","GRANTED",,"NO_VEHICLE",,"2025-07-16T07:01:37.139Z"
"68774e51cebafe7bfc396c38","9e84ce05","683be4831cd41fe74b91c583","GRANTED",,"NO_VEHICLE",,"2025-07-16T07:01:37.105Z"
"68774e51cebafe7bfc396c39","9e84ce05","683be4831cd41fe74b91c583","GRANTED",,"NO_VEHICLE",,"2025-07-16T07:01:36.924Z"
"68774e51cebafe7bfc396c3a","9e84ce05","683be4831cd41fe74b91c583","GRANTED",,,,"2025-07-16T07:01:37.550Z"
"68774e51cebafe7bfc396c3b","9e84ce05","683be4831cd41fe74b91c583","GRANTED",,,,"2025-07-16T07:01:37.625Z"
"68774e51cebafe7bfc396c3c","9e84ce05","683be4831cd41fe74b91c583","GRANTED",,,,"2025-07-16T07:01:37.666Z"
"68774e51cebafe7bfc396c3d","9e84ce05","683be4831cd41fe74b91c583","GRANTED",,,,"2025-07-16T07:01:37.732Z"
"68774e56cebafe7bfc396c3e","9e84ce05","683be4831cd41fe74b91c583","GRANTED",,"NO_VEHICLE",,"2025-07-16T07:01:42.173Z"
"68774e56cebafe7bfc396c3f","9e84ce05","683be4831cd41fe74b91c583","GRANTED",,"NO_VEHICLE",,"2025-07-16T07:01:42.478Z"
"68774e56cebafe7bfc396c40","9e84ce05","683be4831cd41fe74b91c583","GRANTED",,"NO_VEHICLE",,"2025-07-16T07:01:42.479Z"
"68774e56cebafe7bfc396c41","9e84ce05","683be4831cd41fe74b91c583","GRANTED",,"NO_VEHICLE",,"2025-07-16T07:01:42.480Z"
"68774e56cebafe7bfc396c42","9e84ce05","683be4831cd41fe74b91c583","GRANTED",,"NO_VEHICLE",,"2025-07-16T07:01:42.513Z"
"68774e56cebafe7bfc396c43","9e84ce05","683be4831cd41fe74b91c583","GRANTED",,,,"2025-07-16T07:01:42.529Z"
"68774e56cebafe7bfc396c44","9e84ce05","683be4831cd41fe74b91c583","GRANTED",,,,"2025-07-16T07:01:42.672Z"
"68774e56cebafe7bfc396c45","9e84ce05","683be4831cd41fe74b91c583","GRANTED",,,,"2025-07-16T07:01:42.714Z"
"68774e56cebafe7bfc396c46","9e84ce05","683be4831cd41fe74b91c583","GRANTED",,,,"2025-07-16T07:01:42.752Z"
"68774e5acebafe7bfc396c47","9e84ce05","683be4831cd41fe74b91c583","GRANTED",,"NO_VEHICLE",,"2025-07-16T07:01:46.101Z"
"68774e5acebafe7bfc396c49","9e84ce05","683be4831cd41fe74b91c583","GRANTED",,"NO_VEHICLE",,"2025-07-16T07:01:46.101Z"
"68774e5acebafe7bfc396c4a","9e84ce05","683be4831cd41fe74b91c583","GRANTED",,"NO_VEHICLE",,"2025-07-16T07:01:46.102Z"
"68774e5acebafe7bfc396c48","9e84ce05","683be4831cd41fe74b91c583","GRANTED",,"NO_VEHICLE",,"2025-07-16T07:01:46.101Z"
"68774e5acebafe7bfc396c4b","9e84ce05","683be4831cd41fe74b91c583","GRANTED",,"NO_VEHICLE",,"2025-07-16T07:01:46.140Z"
"68774e5acebafe7bfc396c4c","9e84ce05","683be4831cd41fe74b91c583","GRANTED",,,,"2025-07-16T07:01:46.298Z"
"68774e5acebafe7bfc396c4d","9e84ce05","683be4831cd41fe74b91c583","GRANTED",,,,"2025-07-16T07:01:46.312Z"
"68774e5acebafe7bfc396c4e","9e84ce05","683be4831cd41fe74b91c583","GRANTED",,,,"2025-07-16T07:01:46.367Z"
"68774e5acebafe7bfc396c4f","9e84ce05","683be4831cd41fe74b91c583","GRANTED",,,,"2025-07-16T07:01:46.404Z"
"68774e62cebafe7bfc396c50","9e84ce05","683be4831cd41fe74b91c583","GRANTED",,"NO_VEHICLE",,"2025-07-16T07:01:54.608Z"
"68774e62cebafe7bfc396c51","9e84ce05","683be4831cd41fe74b91c583","GRANTED",,"NO_VEHICLE",,"2025-07-16T07:01:54.836Z"
"68774e62cebafe7bfc396c53","9e84ce05","683be4831cd41fe74b91c583","GRANTED",,"NO_VEHICLE",,"2025-07-16T07:01:54.837Z"
"68774e62cebafe7bfc396c52","9e84ce05","683be4831cd41fe74b91c583","GRANTED",,"NO_VEHICLE",,"2025-07-16T07:01:54.836Z"
"68774e62cebafe7bfc396c54","9e84ce05","683be4831cd41fe74b91c583","GRANTED",,"NO_VEHICLE",,"2025-07-16T07:01:54.873Z"
"68774e62cebafe7bfc396c55","9e84ce05","683be4831cd41fe74b91c583","GRANTED",,,,"2025-07-16T07:01:54.887Z"
"68774e63cebafe7bfc396c56","9e84ce05","683be4831cd41fe74b91c583","GRANTED",,,,"2025-07-16T07:01:55.041Z"
"68774e63cebafe7bfc396c57","9e84ce05","683be4831cd41fe74b91c583","GRANTED",,,,"2025-07-16T07:01:55.062Z"
"68774e63cebafe7bfc396c58","9e84ce05","683be4831cd41fe74b91c583","GRANTED",,,,"2025-07-16T07:01:55.067Z"
"68774e7bcebafe7bfc396c59","9e84ce05","683be4831cd41fe74b91c583","GRANTED",,"NO_VEHICLE",,"2025-07-16T07:02:19.019Z"
"68774e7bcebafe7bfc396c5b","9e84ce05","683be4831cd41fe74b91c583","GRANTED",,"NO_VEHICLE",,"2025-07-16T07:02:19.268Z"
"68774e7bcebafe7bfc396c5a","9e84ce05","683be4831cd41fe74b91c583","GRANTED",,"NO_VEHICLE",,"2025-07-16T07:02:19.268Z"
"68774e7bcebafe7bfc396c5c","9e84ce05","683be4831cd41fe74b91c583","GRANTED",,"NO_VEHICLE",,"2025-07-16T07:02:19.269Z"
"68774e7bcebafe7bfc396c5d","9e84ce05","683be4831cd41fe74b91c583","GRANTED",,"NO_VEHICLE",,"2025-07-16T07:02:19.304Z"
"68774e7bcebafe7bfc396c5e","9e84ce05","683be4831cd41fe74b91c583","GRANTED",,,,"2025-07-16T07:02:19.321Z"
"68774e7bcebafe7bfc396c5f","9e84ce05","683be4831cd41fe74b91c583","GRANTED",,,,"2025-07-16T07:02:19.465Z"
"68774e7bcebafe7bfc396c60","9e84ce05","683be4831cd41fe74b91c583","GRANTED",,,,"2025-07-16T07:02:19.485Z"
"68774e7bcebafe7bfc396c61","9e84ce05","683be4831cd41fe74b91c583","GRANTED",,,,"2025-07-16T07:02:19.497Z"
"68774ebacebafe7bfc396c64","9e84ce05","683be4831cd41fe74b91c583","GRANTED",,"NO_VEHICLE",,"2025-07-16T07:03:22.635Z"
"68774ebacebafe7bfc396c65","9e84ce05","683be4831cd41fe74b91c583","GRANTED",,"NO_VEHICLE",,"2025-07-16T07:03:22.636Z"
"68774ebacebafe7bfc396c63","9e84ce05","683be4831cd41fe74b91c583","GRANTED",,"NO_VEHICLE",,"2025-07-16T07:03:22.636Z"
"68774ebacebafe7bfc396c66","9e84ce05","683be4831cd41fe74b91c583","GRANTED",,"NO_VEHICLE",,"2025-07-16T07:03:22.636Z"
"68774ebacebafe7bfc396c67","9e84ce05","683be4831cd41fe74b91c583","GRANTED",,"NO_VEHICLE",,"2025-07-16T07:03:22.670Z"
"68774ebacebafe7bfc396c68","9e84ce05","683be4831cd41fe74b91c583","GRANTED",,,,"2025-07-16T07:03:22.842Z"
"68774ebacebafe7bfc396c69","9e84ce05","683be4831cd41fe74b91c583","GRANTED",,,,"2025-07-16T07:03:22.844Z"
"68774ebacebafe7bfc396c6a","9e84ce05","683be4831cd41fe74b91c583","GRANTED",,,,"2025-07-16T07:03:22.888Z"
"68774ebacebafe7bfc396c6b","9e84ce05","683be4831cd41fe74b91c583","GRANTED",,,,"2025-07-16T07:03:22.903Z"
"68774ecfcebafe7bfc396c6c","9e84ce05","683be4831cd41fe74b91c583","GRANTED",,"NO_VEHICLE",,"2025-07-16T07:03:43.973Z"
"68774ed0cebafe7bfc396c6d","9e84ce05","683be4831cd41fe74b91c583","GRANTED",,"NO_VEHICLE",,"2025-07-16T07:03:44.195Z"
"68774ed0cebafe7bfc396c6e","9e84ce05","683be4831cd41fe74b91c583","GRANTED",,"NO_VEHICLE",,"2025-07-16T07:03:44.195Z"
"68774ed0cebafe7bfc396c6f","9e84ce05","683be4831cd41fe74b91c583","GRANTED",,"NO_VEHICLE",,"2025-07-16T07:03:44.197Z"
"68774ed0cebafe7bfc396c70","9e84ce05","683be4831cd41fe74b91c583","GRANTED",,"NO_VEHICLE",,"2025-07-16T07:03:44.230Z"
"68774ed0cebafe7bfc396c71","9e84ce05","683be4831cd41fe74b91c583","GRANTED",,,,"2025-07-16T07:03:44.245Z"
"68774ed0cebafe7bfc396c72","9e84ce05","683be4831cd41fe74b91c583","GRANTED",,,,"2025-07-16T07:03:44.389Z"
"68774ed0cebafe7bfc396c73","9e84ce05","683be4831cd41fe74b91c583","GRANTED",,,,"2025-07-16T07:03:44.410Z"
"68774ed0cebafe7bfc396c74","9e84ce05","683be4831cd41fe74b91c583","GRANTED",,,,"2025-07-16T07:03:44.419Z"
"68775470a04448c49c2f4199","c4df4202","683be4a11cd41fe74b91c584","DENIED","User tidak aktif","NO_VEHICLE",,"2025-07-16T07:27:44.957Z"
"68775471a04448c49c2f419a","c4df4202","683be4a11cd41fe74b91c584","DENIED","User tidak aktif","NO_VEHICLE",,"2025-07-16T07:27:44.957Z"
"68775471a04448c49c2f419b","c4df4202","683be4a11cd41fe74b91c584","DENIED","User tidak aktif","NO_VEHICLE",,"2025-07-16T07:27:44.999Z"
"68775471a04448c49c2f419c","c4df4202","683be4a11cd41fe74b91c584","DENIED","User tidak aktif","NO_VEHICLE",,"2025-07-16T07:27:44.957Z"
"68775471a04448c49c2f419d","c4df4202","683be4a11cd41fe74b91c584","DENIED","User tidak aktif","NO_VEHICLE",,"2025-07-16T07:27:44.957Z"
"68775471a04448c49c2f419e","c4df4202","683be4a11cd41fe74b91c584","DENIED","User tidak aktif",,,"2025-07-16T07:27:45.450Z"
"68775471a04448c49c2f419f","c4df4202","683be4a11cd41fe74b91c584","DENIED","User tidak aktif",,,"2025-07-16T07:27:45.465Z"
"68775471a04448c49c2f41a0","c4df4202","683be4a11cd41fe74b91c584","DENIED","User tidak aktif",,,"2025-07-16T07:27:45.634Z"
"68775471a04448c49c2f41a1","c4df4202","683be4a11cd41fe74b91c584","DENIED","User tidak aktif",,,"2025-07-16T07:27:45.771Z"
"6877548ca04448c49c2f41a2","c4df4202","683be4a11cd41fe74b91c584","DENIED","User tidak aktif","NO_VEHICLE",,"2025-07-16T07:28:12.556Z"
"6877548ca04448c49c2f41a3","c4df4202","683be4a11cd41fe74b91c584","DENIED","User tidak aktif","NO_VEHICLE",,"2025-07-16T07:28:12.792Z"
"6877548ca04448c49c2f41a4","c4df4202","683be4a11cd41fe74b91c584","DENIED","User tidak aktif","NO_VEHICLE",,"2025-07-16T07:28:12.792Z"
"6877548ca04448c49c2f41a5","c4df4202","683be4a11cd41fe74b91c584","DENIED","User tidak aktif","NO_VEHICLE",,"2025-07-16T07:28:12.793Z"
"6877548ca04448c49c2f41a6","c4df4202","683be4a11cd41fe74b91c584","DENIED","User tidak aktif","NO_VEHICLE",,"2025-07-16T07:28:12.832Z"
"6877548ca04448c49c2f41a7","c4df4202","683be4a11cd41fe74b91c584","DENIED","User tidak aktif",,,"2025-07-16T07:28:12.848Z"
"6877548da04448c49c2f41a9","c4df4202","683be4a11cd41fe74b91c584","DENIED","User tidak aktif",,,"2025-07-16T07:28:13.042Z"
"6877548da04448c49c2f41a8","c4df4202","683be4a11cd41fe74b91c584","DENIED","User tidak aktif",,,"2025-07-16T07:28:13.036Z"
"6877548da04448c49c2f41aa","c4df4202","683be4a11cd41fe74b91c584","DENIED","User tidak aktif",,,"2025-07-16T07:28:13.118Z"
"687754a8a04448c49c2f41ac","9e84ce05","683be4831cd41fe74b91c583","GRANTED",,"NO_VEHICLE",,"2025-07-16T07:28:40.336Z"
"687754a8a04448c49c2f41ab","9e84ce05","683be4831cd41fe74b91c583","GRANTED",,"NO_VEHICLE",,"2025-07-16T07:28:40.336Z"
"687754a8a04448c49c2f41ad","9e84ce05","683be4831cd41fe74b91c583","GRANTED",,"NO_VEHICLE",,"2025-07-16T07:28:40.468Z"
"687754a8a04448c49c2f41ae","9e84ce05","683be4831cd41fe74b91c583","GRANTED",,"NO_VEHICLE",,"2025-07-16T07:28:40.468Z"
"687754a8a04448c49c2f41af","9e84ce05","683be4831cd41fe74b91c583","GRANTED",,"NO_VEHICLE",,"2025-07-16T07:28:40.515Z"
"687754a8a04448c49c2f41b0","9e84ce05","683be4831cd41fe74b91c583","GRANTED",,,,"2025-07-16T07:28:40.566Z"
"687754a8a04448c49c2f41b1","9e84ce05","683be4831cd41fe74b91c583","GRANTED",,,,"2025-07-16T07:28:40.703Z"
"687754a8a04448c49c2f41b2","9e84ce05","683be4831cd41fe74b91c583","GRANTED",,,,"2025-07-16T07:28:40.729Z"
"687754a8a04448c49c2f41b3","9e84ce05","683be4831cd41fe74b91c583","GRANTED",,,,"2025-07-16T07:28:40.788Z"
"687754d2a04448c49c2f41b4","9e84ce05","683be4831cd41fe74b91c583","GRANTED",,"BIKE",,"2025-07-16T07:29:22.171Z"
"687754f7a04448c49c2f41b5","9e84ce05","683be4831cd41fe74b91c583","GRANTED",,"NO_VEHICLE",,"2025-07-16T07:29:59.822Z"
"68775502a04448c49c2f41b6","c4df4202","683be4a11cd41fe74b91c584","DENIED","User tidak aktif","NO_VEHICLE",,"2025-07-16T07:30:10.569Z"
"68775502a04448c49c2f41b7","c4df4202","683be4a11cd41fe74b91c584","DENIED","User tidak aktif","NO_VEHICLE",,"2025-07-16T07:30:10.569Z"
"68775502a04448c49c2f41b8","c4df4202","683be4a11cd41fe74b91c584","DENIED","User tidak aktif","NO_VEHICLE",,"2025-07-16T07:30:10.719Z"
"68775502a04448c49c2f41b9","c4df4202","683be4a11cd41fe74b91c584","DENIED","User tidak aktif","NO_VEHICLE",,"2025-07-16T07:30:10.720Z"
"68775502a04448c49c2f41ba","c4df4202","683be4a11cd41fe74b91c584","DENIED","User tidak aktif","NO_VEHICLE",,"2025-07-16T07:30:10.771Z"
"68775502a04448c49c2f41bb","c4df4202","683be4a11cd41fe74b91c584","DENIED","User tidak aktif",,,"2025-07-16T07:30:10.820Z"
"68775502a04448c49c2f41bc","c4df4202","683be4a11cd41fe74b91c584","DENIED","User tidak aktif",,,"2025-07-16T07:30:10.972Z"
"68775502a04448c49c2f41bd","c4df4202","683be4a11cd41fe74b91c584","DENIED","User tidak aktif",,,"2025-07-16T07:30:10.982Z"
"68775503a04448c49c2f41be","c4df4202","683be4a11cd41fe74b91c584","DENIED","User tidak aktif",,,"2025-07-16T07:30:11.065Z"
"687755f4a04448c49c2f41bf","4e2549c5",,"GRANTED",,,,"2025-07-16T07:34:12.518Z"
"687755f4a04448c49c2f41c0","4e2549c5",,"GRANTED",,"NO_VEHICLE",,"2025-07-16T07:34:12.520Z"
"687755f4a04448c49c2f41c2","4e2549c5",,"GRANTED",,"NO_VEHICLE",,"2025-07-16T07:34:12.740Z"
"687755f4a04448c49c2f41c1","4e2549c5",,"GRANTED",,"NO_VEHICLE",,"2025-07-16T07:34:12.739Z"
"687755f4a04448c49c2f41c3","4e2549c5",,"GRANTED",,"NO_VEHICLE",,"2025-07-16T07:34:12.742Z"
"687755f4a04448c49c2f41c4","4e2549c5",,"GRANTED",,"NO_VEHICLE",,"2025-07-16T07:34:12.780Z"
"687755f4a04448c49c2f41c5","4e2549c5",,"GRANTED",,,,"2025-07-16T07:34:12.993Z"
"687755f4a04448c49c2f41c6","4e2549c5",,"GRANTED",,,,"2025-07-16T07:34:12.993Z"
"687755f5a04448c49c2f41c7","4e2549c5",,"GRANTED",,,,"2025-07-16T07:34:13.023Z"
"687755f5a04448c49c2f41c8","4e2549c5",,"GRANTED",,,,"2025-07-16T07:34:13.078Z"
"687755f9a04448c49c2f41c9","4e2549c5",,"GRANTED",,,,"2025-07-16T07:34:17.838Z"
"687755faa04448c49c2f41ca","4e2549c5",,"GRANTED",,"NO_VEHICLE",,"2025-07-16T07:34:18.139Z"
"687755faa04448c49c2f41cc","4e2549c5",,"GRANTED",,"NO_VEHICLE",,"2025-07-16T07:34:18.140Z"
"687755faa04448c49c2f41cd","4e2549c5",,"GRANTED",,"NO_VEHICLE",,"2025-07-16T07:34:18.140Z"
"687755faa04448c49c2f41cb","4e2549c5",,"GRANTED",,"NO_VEHICLE",,"2025-07-16T07:34:18.139Z"
"687755faa04448c49c2f41ce","4e2549c5",,"GRANTED",,"NO_VEHICLE",,"2025-07-16T07:34:18.177Z"
"687755faa04448c49c2f41cf","4e2549c5",,"GRANTED",,,,"2025-07-16T07:34:18.362Z"
"687755faa04448c49c2f41d0","4e2549c5",,"GRANTED",,,,"2025-07-16T07:34:18.400Z"
"687755faa04448c49c2f41d1","4e2549c5",,"GRANTED",,,,"2025-07-16T07:34:18.401Z"
"687755faa04448c49c2f41d2","4e2549c5",,"GRANTED",,,,"2025-07-16T07:34:18.461Z"
"68775604a04448c49c2f41d3","4e2549c5",,"GRANTED",,,,"2025-07-16T07:34:28.104Z"
"68775604a04448c49c2f41d4","4e2549c5",,"GRANTED",,"NO_VEHICLE",,"2025-07-16T07:34:28.107Z"
"68775604a04448c49c2f41d5","4e2549c5",,"GRANTED",,"NO_VEHICLE",,"2025-07-16T07:34:28.332Z"
"68775604a04448c49c2f41d6","4e2549c5",,"GRANTED",,"NO_VEHICLE",,"2025-07-16T07:34:28.332Z"
"68775604a04448c49c2f41d7","4e2549c5",,"GRANTED",,"NO_VEHICLE",,"2025-07-16T07:34:28.333Z"
"68775604a04448c49c2f41d8","4e2549c5",,"GRANTED",,"NO_VEHICLE",,"2025-07-16T07:34:28.371Z"
"68775604a04448c49c2f41d9","4e2549c5",,"GRANTED",,,,"2025-07-16T07:34:28.558Z"
"68775604a04448c49c2f41da","4e2549c5",,"GRANTED",,,,"2025-07-16T07:34:28.592Z"
"68775604a04448c49c2f41db","4e2549c5",,"GRANTED",,,,"2025-07-16T07:34:28.592Z"
"68775604a04448c49c2f41dc","4e2549c5",,"GRANTED",,,,"2025-07-16T07:34:28.645Z"
"68775609a04448c49c2f41dd","9e84ce05","683be4831cd41fe74b91c583","GRANTED",,,,"2025-07-16T07:34:33.817Z"
"6877560aa04448c49c2f41de","9e84ce05","683be4831cd41fe74b91c583","GRANTED",,"NO_VEHICLE",,"2025-07-16T07:34:34.106Z"
"6877560aa04448c49c2f41df","9e84ce05","683be4831cd41fe74b91c583","GRANTED",,"NO_VEHICLE",,"2025-07-16T07:34:34.106Z"
"6877560aa04448c49c2f41e1","9e84ce05","683be4831cd41fe74b91c583","GRANTED",,"NO_VEHICLE",,"2025-07-16T07:34:34.107Z"
"6877560aa04448c49c2f41e0","9e84ce05","683be4831cd41fe74b91c583","GRANTED",,"NO_VEHICLE",,"2025-07-16T07:34:34.107Z"
"6877560aa04448c49c2f41e2","9e84ce05","683be4831cd41fe74b91c583","GRANTED",,"NO_VEHICLE",,"2025-07-16T07:34:34.147Z"
"6877560aa04448c49c2f41e3","9e84ce05","683be4831cd41fe74b91c583","GRANTED",,,,"2025-07-16T07:34:34.362Z"
"6877560aa04448c49c2f41e4","9e84ce05","683be4831cd41fe74b91c583","GRANTED",,,,"2025-07-16T07:34:34.372Z"
"6877560aa04448c49c2f41e5","9e84ce05","683be4831cd41fe74b91c583","GRANTED",,,,"2025-07-16T07:34:34.386Z"
"6877560aa04448c49c2f41e6","9e84ce05","683be4831cd41fe74b91c583","GRANTED",,,,"2025-07-16T07:34:34.454Z"
"68775646a04448c49c2f41e7","4e2549c5",,"GRANTED",,,,"2025-07-16T07:35:34.860Z"
"68775647a04448c49c2f41e9","4e2549c5",,"GRANTED",,"NO_VEHICLE",,"2025-07-16T07:35:35.186Z"
"68775647a04448c49c2f41e8","4e2549c5",,"GRANTED",,"NO_VEHICLE",,"2025-07-16T07:35:35.186Z"
"68775647a04448c49c2f41eb","4e2549c5",,"GRANTED",,"NO_VEHICLE",,"2025-07-16T07:35:35.187Z"
"68775647a04448c49c2f41ea","4e2549c5",,"GRANTED",,"NO_VEHICLE",,"2025-07-16T07:35:35.187Z"
"68775647a04448c49c2f41ec","4e2549c5",,"GRANTED",,"NO_VEHICLE",,"2025-07-16T07:35:35.226Z"
"68775647a04448c49c2f41ed","4e2549c5",,"GRANTED",,,,"2025-07-16T07:35:35.414Z"
"68775647a04448c49c2f41ee","4e2549c5",,"GRANTED",,,,"2025-07-16T07:35:35.444Z"
"68775647a04448c49c2f41ef","4e2549c5",,"GRANTED",,,,"2025-07-16T07:35:35.444Z"
"68775647a04448c49c2f41f0","4e2549c5",,"GRANTED",,,,"2025-07-16T07:35:35.498Z"
"68775652a04448c49c2f41f1","9e84ce05","683be4831cd41fe74b91c583","GRANTED",,,,"2025-07-16T07:35:46.094Z"
"68775652a04448c49c2f41f2","9e84ce05","683be4831cd41fe74b91c583","GRANTED",,"NO_VEHICLE",,"2025-07-16T07:35:46.096Z"
"68775652a04448c49c2f41f4","9e84ce05","683be4831cd41fe74b91c583","GRANTED",,"NO_VEHICLE",,"2025-07-16T07:35:46.307Z"
"68775652a04448c49c2f41f3","9e84ce05","683be4831cd41fe74b91c583","GRANTED",,"NO_VEHICLE",,"2025-07-16T07:35:46.307Z"
"68775652a04448c49c2f41f5","9e84ce05","683be4831cd41fe74b91c583","GRANTED",,"NO_VEHICLE",,"2025-07-16T07:35:46.309Z"
"68775652a04448c49c2f41f6","9e84ce05","683be4831cd41fe74b91c583","GRANTED",,"NO_VEHICLE",,"2025-07-16T07:35:46.348Z"
"68775652a04448c49c2f41f7","9e84ce05","683be4831cd41fe74b91c583","GRANTED",,,,"2025-07-16T07:35:46.555Z"
"68775652a04448c49c2f41f8","9e84ce05","683be4831cd41fe74b91c583","GRANTED",,,,"2025-07-16T07:35:46.555Z"
"68775652a04448c49c2f41f9","9e84ce05","683be4831cd41fe74b91c583","GRANTED",,,,"2025-07-16T07:35:46.565Z"
"68775652a04448c49c2f41fa","9e84ce05","683be4831cd41fe74b91c583","GRANTED",,,,"2025-07-16T07:35:46.613Z"
"68775657a04448c49c2f41fb","4e2549c5",,"GRANTED",,,,"2025-07-16T07:35:51.965Z"
"68775658a04448c49c2f41fc","4e2549c5",,"GRANTED",,"NO_VEHICLE",,"2025-07-16T07:35:52.040Z"
"68775658a04448c49c2f41fe","4e2549c5",,"GRANTED",,"NO_VEHICLE",,"2025-07-16T07:35:52.178Z"
"68775658a04448c49c2f41ff","4e2549c5",,"GRANTED",,"NO_VEHICLE",,"2025-07-16T07:35:52.179Z"
"68775658a04448c49c2f41fd","4e2549c5",,"GRANTED",,"NO_VEHICLE",,"2025-07-16T07:35:52.178Z"
"68775658a04448c49c2f4200","4e2549c5",,"GRANTED",,"NO_VEHICLE",,"2025-07-16T07:35:52.232Z"
"68775658a04448c49c2f4201","4e2549c5",,"GRANTED",,,,"2025-07-16T07:35:52.415Z"
"68775658a04448c49c2f4202","4e2549c5",,"GRANTED",,,,"2025-07-16T07:35:52.451Z"
"68775658a04448c49c2f4203","4e2549c5",,"GRANTED",,,,"2025-07-16T07:35:52.475Z"
"68775658a04448c49c2f4204","4e2549c5",,"GRANTED",,,,"2025-07-16T07:35:52.523Z"
"687756cca04448c49c2f4205","6b403c02","683d1ac36fae55f399ce5f19","DENIED","User tidak aktif","NO_VEHICLE",,"2025-07-16T07:37:48.168Z"
"687756cca04448c49c2f4206","6b403c02","683d1ac36fae55f399ce5f19","DENIED","User tidak aktif","NO_VEHICLE",,"2025-07-16T07:37:48.378Z"
"687756cca04448c49c2f4209","6b403c02","683d1ac36fae55f399ce5f19","DENIED","User tidak aktif","NO_VEHICLE",,"2025-07-16T07:37:48.378Z"
"687756cca04448c49c2f4208","6b403c02","683d1ac36fae55f399ce5f19","DENIED","User tidak aktif","NO_VEHICLE",,"2025-07-16T07:37:48.378Z"
"687756cca04448c49c2f4207","6b403c02","683d1ac36fae55f399ce5f19","DENIED","User tidak aktif","NO_VEHICLE",,"2025-07-16T07:37:48.378Z"
"687756cca04448c49c2f420a","6b403c02","683d1ac36fae55f399ce5f19","DENIED","User tidak aktif","NO_VEHICLE",,"2025-07-16T07:37:48.416Z"
"687756cca04448c49c2f420b","6b403c02","683d1ac36fae55f399ce5f19","DENIED","User tidak aktif",,,"2025-07-16T07:37:48.616Z"
"687756cca04448c49c2f420c","6b403c02","683d1ac36fae55f399ce5f19","DENIED","User tidak aktif",,,"2025-07-16T07:37:48.619Z"
"687756cca04448c49c2f420e","6b403c02","683d1ac36fae55f399ce5f19","DENIED","User tidak aktif",,,"2025-07-16T07:37:48.633Z"
"687756cca04448c49c2f420d","6b403c02","683d1ac36fae55f399ce5f19","DENIED","User tidak aktif",,,"2025-07-16T07:37:48.633Z"
"687756cda04448c49c2f420f","6b403c02","683d1ac36fae55f399ce5f19","DENIED","User tidak aktif","NO_VEHICLE",,"2025-07-16T07:37:49.072Z"
"687756cda04448c49c2f4210","6b403c02","683d1ac36fae55f399ce5f19","DENIED","User tidak aktif","NO_VEHICLE",,"2025-07-16T07:37:49.174Z"
"68775766a04448c49c2f4211","6b403c02","683d1ac36fae55f399ce5f19","DENIED","User tidak aktif","NO_VEHICLE",,"2025-07-16T07:40:22.828Z"
"68775766a04448c49c2f4212","6b403c02","683d1ac36fae55f399ce5f19","DENIED","User tidak aktif","NO_VEHICLE",,"2025-07-16T07:40:22.976Z"
"68775766a04448c49c2f4214","6b403c02","683d1ac36fae55f399ce5f19","DENIED","User tidak aktif","NO_VEHICLE",,"2025-07-16T07:40:22.976Z"
"68775766a04448c49c2f4215","6b403c02","683d1ac36fae55f399ce5f19","DENIED","User tidak aktif","NO_VEHICLE",,"2025-07-16T07:40:22.976Z"
"68775766a04448c49c2f4213","6b403c02","683d1ac36fae55f399ce5f19","DENIED","User tidak aktif","NO_VEHICLE",,"2025-07-16T07:40:22.976Z"
"68775767a04448c49c2f4216","6b403c02","683d1ac36fae55f399ce5f19","DENIED","User tidak aktif","NO_VEHICLE",,"2025-07-16T07:40:23.052Z"
"68775767a04448c49c2f4217","6b403c02","683d1ac36fae55f399ce5f19","DENIED","User tidak aktif","NO_VEHICLE",,"2025-07-16T07:40:23.098Z"
"68775767a04448c49c2f4218","6b403c02","683d1ac36fae55f399ce5f19","DENIED","User tidak aktif",,,"2025-07-16T07:40:23.197Z"
"68775767a04448c49c2f4219","6b403c02","683d1ac36fae55f399ce5f19","DENIED","User tidak aktif",,,"2025-07-16T07:40:23.215Z"
"68775767a04448c49c2f421a","6b403c02","683d1ac36fae55f399ce5f19","DENIED","User tidak aktif",,,"2025-07-16T07:40:23.230Z"
"68775767a04448c49c2f421b","6b403c02","683d1ac36fae55f399ce5f19","DENIED","User tidak aktif",,,"2025-07-16T07:40:23.315Z"
"68775767a04448c49c2f421d","6b403c02","683d1ac36fae55f399ce5f19","DENIED","User tidak aktif","NO_VEHICLE",,"2025-07-16T07:40:23.053Z"
"68775767a04448c49c2f421c","6b403c02","683d1ac36fae55f399ce5f19","DENIED","User tidak aktif","NO_VEHICLE",,"2025-07-16T07:40:22.976Z"
"68775767a04448c49c2f421e","6b403c02","683d1ac36fae55f399ce5f19","DENIED","User tidak aktif","NO_VEHICLE",,"2025-07-16T07:40:23.960Z"
"6877576ea04448c49c2f421f","6b403c02","683d1ac36fae55f399ce5f19","DENIED","User tidak aktif","NO_VEHICLE",,"2025-07-16T07:40:30.994Z"
"6877576fa04448c49c2f4220","6b403c02","683d1ac36fae55f399ce5f19","DENIED","User tidak aktif","NO_VEHICLE",,"2025-07-16T07:40:31.231Z"
"6877576fa04448c49c2f4221","6b403c02","683d1ac36fae55f399ce5f19","DENIED","User tidak aktif","NO_VEHICLE",,"2025-07-16T07:40:31.307Z"
"6877576fa04448c49c2f4222","6b403c02","683d1ac36fae55f399ce5f19","DENIED","User tidak aktif","NO_VEHICLE",,"2025-07-16T07:40:31.307Z"
"6877576fa04448c49c2f4224","6b403c02","683d1ac36fae55f399ce5f19","DENIED","User tidak aktif","NO_VEHICLE",,"2025-07-16T07:40:31.308Z"
"6877576fa04448c49c2f4223","6b403c02","683d1ac36fae55f399ce5f19","DENIED","User tidak aktif","NO_VEHICLE",,"2025-07-16T07:40:31.308Z"
"6877576fa04448c49c2f4225","6b403c02","683d1ac36fae55f399ce5f19","DENIED","User tidak aktif","NO_VEHICLE",,"2025-07-16T07:40:31.350Z"
"6877576fa04448c49c2f4226","6b403c02","683d1ac36fae55f399ce5f19","DENIED","User tidak aktif",,,"2025-07-16T07:40:31.480Z"
"6877576fa04448c49c2f4227","6b403c02","683d1ac36fae55f399ce5f19","DENIED","User tidak aktif",,,"2025-07-16T07:40:31.557Z"
"6877576fa04448c49c2f4228","6b403c02","683d1ac36fae55f399ce5f19","DENIED","User tidak aktif",,,"2025-07-16T07:40:31.567Z"
"6877576fa04448c49c2f4229","6b403c02","683d1ac36fae55f399ce5f19","DENIED","User tidak aktif",,,"2025-07-16T07:40:31.586Z"
"6877576fa04448c49c2f422a","6b403c02","683d1ac36fae55f399ce5f19","DENIED","User tidak aktif","NO_VEHICLE",,"2025-07-16T07:40:31.977Z"
"68775bdca04448c49c2f422b","6b403c02","683d1ac36fae55f399ce5f19","DENIED","User tidak aktif",,,"2025-07-16T07:59:24.002Z"
"68775bdca04448c49c2f422c","6b403c02","683d1ac36fae55f399ce5f19","DENIED","User tidak aktif","NO_VEHICLE",,"2025-07-16T07:59:24.005Z"
"68775bdca04448c49c2f422d","6b403c02","683d1ac36fae55f399ce5f19","DENIED","User tidak aktif","NO_VEHICLE",,"2025-07-16T07:59:24.460Z"
"68775bdca04448c49c2f422e","6b403c02","683d1ac36fae55f399ce5f19","DENIED","User tidak aktif","NO_VEHICLE",,"2025-07-16T07:59:24.462Z"
"68775bdca04448c49c2f422f","6b403c02","683d1ac36fae55f399ce5f19","DENIED","User tidak aktif","NO_VEHICLE",,"2025-07-16T07:59:24.462Z"
"68775bdca04448c49c2f4230","6b403c02","683d1ac36fae55f399ce5f19","DENIED","User tidak aktif","NO_VEHICLE",,"2025-07-16T07:59:24.609Z"
"68775bdca04448c49c2f4231","6b403c02","683d1ac36fae55f399ce5f19","DENIED","User tidak aktif","NO_VEHICLE",,"2025-07-16T07:59:24.460Z"
"68775bdca04448c49c2f4232","6b403c02","683d1ac36fae55f399ce5f19","DENIED","User tidak aktif","NO_VEHICLE",,"2025-07-16T07:59:24.461Z"
"68775bdea04448c49c2f4234","6b403c02","683d1ac36fae55f399ce5f19","DENIED","User tidak aktif",,,"2025-07-16T07:59:26.724Z"
"68775bdea04448c49c2f4233","6b403c02","683d1ac36fae55f399ce5f19","DENIED","User tidak aktif",,,"2025-07-16T07:59:26.723Z"
"68775bdea04448c49c2f4235","6b403c02","683d1ac36fae55f399ce5f19","DENIED","User tidak aktif",,,"2025-07-16T07:59:26.753Z"
"68775bdea04448c49c2f4236","6b403c02","683d1ac36fae55f399ce5f19","DENIED","User tidak aktif",,,"2025-07-16T07:59:26.773Z"
"68775bdea04448c49c2f4237","6b403c02","683d1ac36fae55f399ce5f19","DENIED","User tidak aktif",,,"2025-07-16T07:59:26.812Z"
"68775bdea04448c49c2f4238","6b403c02","683d1ac36fae55f399ce5f19","DENIED","User tidak aktif",,,"2025-07-16T07:59:26.832Z"
"68775be7a04448c49c2f4239","4e2549c5",,"GRANTED",,,,"2025-07-16T07:59:35.816Z"
"68775be8a04448c49c2f423b","4e2549c5",,"GRANTED",,"NO_VEHICLE",,"2025-07-16T07:59:36.417Z"
"68775be8a04448c49c2f423a","4e2549c5",,"GRANTED",,"NO_VEHICLE",,"2025-07-16T07:59:36.416Z"
"68775be8a04448c49c2f423d","4e2549c5",,"GRANTED",,"NO_VEHICLE",,"2025-07-16T07:59:36.418Z"
"68775be8a04448c49c2f423c","4e2549c5",,"GRANTED",,"NO_VEHICLE",,"2025-07-16T07:59:36.418Z"
"68775be8a04448c49c2f423e","4e2549c5",,"GRANTED",,"NO_VEHICLE",,"2025-07-16T07:59:36.418Z"
"68775be8a04448c49c2f423f","4e2549c5",,"GRANTED",,"NO_VEHICLE",,"2025-07-16T07:59:36.467Z"
"68775be8a04448c49c2f4240","4e2549c5",,"GRANTED",,,,"2025-07-16T07:59:36.791Z"
"68775be8a04448c49c2f4241","4e2549c5",,"GRANTED",,"NO_VEHICLE",,"2025-07-16T07:59:36.418Z"
"68775be8a04448c49c2f4242","4e2549c5",,"GRANTED",,,,"2025-07-16T07:59:36.798Z"
"68775be8a04448c49c2f4243","4e2549c5",,"GRANTED",,,,"2025-07-16T07:59:36.812Z"
"68775be8a04448c49c2f4245","4e2549c5",,"GRANTED",,,,"2025-07-16T07:59:36.812Z"
"68775be8a04448c49c2f4244","4e2549c5",,"GRANTED",,,,"2025-07-16T07:59:36.812Z"
"68775be9a04448c49c2f4246","4e2549c5",,"GRANTED",,,,"2025-07-16T07:59:37.158Z"
"68775c00a04448c49c2f4247","4e2549c5",,"GRANTED",,"NO_VEHICLE",,"2025-07-16T08:00:00.847Z"
"68775c00a04448c49c2f4249","4e2549c5",,"GRANTED",,"NO_VEHICLE",,"2025-07-16T08:00:00.993Z"
"68775c00a04448c49c2f4248","4e2549c5",,"GRANTED",,"NO_VEHICLE",,"2025-07-16T08:00:00.993Z"
"68775c00a04448c49c2f424c","4e2549c5",,"GRANTED",,"NO_VEHICLE",,"2025-07-16T08:00:00.994Z"
"68775c00a04448c49c2f424a","4e2549c5",,"GRANTED",,"NO_VEHICLE",,"2025-07-16T08:00:00.994Z"
"68775c00a04448c49c2f424b","4e2549c5",,"GRANTED",,"NO_VEHICLE",,"2025-07-16T08:00:00.994Z"
"68775c01a04448c49c2f424d","4e2549c5",,"GRANTED",,"NO_VEHICLE",,"2025-07-16T08:00:01.039Z"
"68775c01a04448c49c2f424e","4e2549c5",,"GRANTED",,,,"2025-07-16T08:00:01.232Z"
"68775c01a04448c49c2f424f","4e2549c5",,"GRANTED",,,,"2025-07-16T08:00:01.244Z"
"68775c01a04448c49c2f4250","4e2549c5",,"GRANTED",,,,"2025-07-16T08:00:01.244Z"
"68775c01a04448c49c2f4251","4e2549c5",,"GRANTED",,,,"2025-07-16T08:00:01.290Z"
"68775c01a04448c49c2f4252","4e2549c5",,"GRANTED",,,,"2025-07-16T08:00:01.332Z"
"68775c01a04448c49c2f4253","4e2549c5",,"GRANTED",,,,"2025-07-16T08:00:01.334Z"
"68775c01a04448c49c2f4254","4e2549c5",,"GRANTED",,"NO_VEHICLE",,"2025-07-16T08:00:00.994Z"
"68775c0ba04448c49c2f4255","6b403c02","683d1ac36fae55f399ce5f19","DENIED","User tidak aktif","NO_VEHICLE",,"2025-07-16T08:00:11.264Z"
"68775c0ba04448c49c2f4256","6b403c02","683d1ac36fae55f399ce5f19","DENIED","User tidak aktif","NO_VEHICLE",,"2025-07-16T08:00:11.265Z"
"68775c0ba04448c49c2f4258","6b403c02","683d1ac36fae55f399ce5f19","DENIED","User tidak aktif","NO_VEHICLE",,"2025-07-16T08:00:11.265Z"
"68775c0ba04448c49c2f4257","6b403c02","683d1ac36fae55f399ce5f19","DENIED","User tidak aktif","NO_VEHICLE",,"2025-07-16T08:00:11.265Z"
"68775c0ba04448c49c2f425a","6b403c02","683d1ac36fae55f399ce5f19","DENIED","User tidak aktif","NO_VEHICLE",,"2025-07-16T08:00:11.265Z"
"68775c0ba04448c49c2f425b","6b403c02","683d1ac36fae55f399ce5f19","DENIED","User tidak aktif","NO_VEHICLE",,"2025-07-16T08:00:11.266Z"
"68775c0ba04448c49c2f4259","6b403c02","683d1ac36fae55f399ce5f19","DENIED","User tidak aktif","NO_VEHICLE",,"2025-07-16T08:00:11.265Z"
"68775c0ba04448c49c2f425c","6b403c02","683d1ac36fae55f399ce5f19","DENIED","User tidak aktif","NO_VEHICLE",,"2025-07-16T08:00:11.306Z"
"68775c0ba04448c49c2f425d","6b403c02","683d1ac36fae55f399ce5f19","DENIED","User tidak aktif",,,"2025-07-16T08:00:11.507Z"
"68775c0ba04448c49c2f425e","6b403c02","683d1ac36fae55f399ce5f19","DENIED","User tidak aktif",,,"2025-07-16T08:00:11.523Z"
"68775c0ba04448c49c2f425f","6b403c02","683d1ac36fae55f399ce5f19","DENIED","User tidak aktif",,,"2025-07-16T08:00:11.523Z"
"68775c0ba04448c49c2f4260","6b403c02","683d1ac36fae55f399ce5f19","DENIED","User tidak aktif",,,"2025-07-16T08:00:11.547Z"
"68775c0ba04448c49c2f4261","6b403c02","683d1ac36fae55f399ce5f19","DENIED","User tidak aktif",,,"2025-07-16T08:00:11.564Z"
"68775c0ba04448c49c2f4262","6b403c02","683d1ac36fae55f399ce5f19","DENIED","User tidak aktif",,,"2025-07-16T08:00:11.603Z"
"68775c1ba04448c49c2f4263","9e84ce05","683be4831cd41fe74b91c583","GRANTED",,"NO_VEHICLE",,"2025-07-16T08:00:27.842Z"
"68775c1ba04448c49c2f4264","9e84ce05","683be4831cd41fe74b91c583","GRANTED",,"NO_VEHICLE",,"2025-07-16T08:00:27.842Z"
"68775c1ba04448c49c2f4267","9e84ce05","683be4831cd41fe74b91c583","GRANTED",,"NO_VEHICLE",,"2025-07-16T08:00:27.843Z"
"68775c1ba04448c49c2f4265","9e84ce05","683be4831cd41fe74b91c583","GRANTED",,"NO_VEHICLE",,"2025-07-16T08:00:27.842Z"
"68775c1ba04448c49c2f4266","9e84ce05","683be4831cd41fe74b91c583","GRANTED",,"NO_VEHICLE",,"2025-07-16T08:00:27.843Z"
"68775c1ba04448c49c2f4268","9e84ce05","683be4831cd41fe74b91c583","GRANTED",,"NO_VEHICLE",,"2025-07-16T08:00:27.843Z"
"68775c1ba04448c49c2f4269","9e84ce05","683be4831cd41fe74b91c583","GRANTED",,"NO_VEHICLE",,"2025-07-16T08:00:27.843Z"
"68775c1ba04448c49c2f426a","9e84ce05","683be4831cd41fe74b91c583","GRANTED",,"NO_VEHICLE",,"2025-07-16T08:00:27.885Z"
"68775c1ca04448c49c2f426b","9e84ce05","683be4831cd41fe74b91c583","GRANTED",,,,"2025-07-16T08:00:28.093Z"
"68775c1ca04448c49c2f426d","9e84ce05","683be4831cd41fe74b91c583","GRANTED",,,,"2025-07-16T08:00:28.127Z"
"68775c1ca04448c49c2f426c","9e84ce05","683be4831cd41fe74b91c583","GRANTED",,,,"2025-07-16T08:00:28.127Z"
"68775c1ca04448c49c2f426f","9e84ce05","683be4831cd41fe74b91c583","GRANTED",,,,"2025-07-16T08:00:28.140Z"
"68775c1ca04448c49c2f426e","9e84ce05","683be4831cd41fe74b91c583","GRANTED",,,,"2025-07-16T08:00:28.139Z"
"68775c1ca04448c49c2f4270","9e84ce05","683be4831cd41fe74b91c583","GRANTED",,,,"2025-07-16T08:00:28.261Z"
"68775c27a04448c49c2f4275","c4df4202","683be4a11cd41fe74b91c584","DENIED","User tidak aktif","NO_VEHICLE",,"2025-07-16T08:00:39.153Z"
"68775c27a04448c49c2f4272","c4df4202","683be4a11cd41fe74b91c584","DENIED","User tidak aktif","NO_VEHICLE",,"2025-07-16T08:00:39.153Z"
"68775c27a04448c49c2f4273","c4df4202","683be4a11cd41fe74b91c584","DENIED","User tidak aktif","NO_VEHICLE",,"2025-07-16T08:00:39.153Z"
"68775c27a04448c49c2f4276","c4df4202","683be4a11cd41fe74b91c584","DENIED","User tidak aktif","NO_VEHICLE",,"2025-07-16T08:00:39.153Z"
"68775c27a04448c49c2f4271","c4df4202","683be4a11cd41fe74b91c584","DENIED","User tidak aktif","NO_VEHICLE",,"2025-07-16T08:00:39.152Z"
"68775c27a04448c49c2f4277","c4df4202","683be4a11cd41fe74b91c584","DENIED","User tidak aktif","NO_VEHICLE",,"2025-07-16T08:00:39.153Z"
"68775c27a04448c49c2f4274","c4df4202","683be4a11cd41fe74b91c584","DENIED","User tidak aktif","NO_VEHICLE",,"2025-07-16T08:00:39.153Z"
"68775c27a04448c49c2f4278","c4df4202","683be4a11cd41fe74b91c584","DENIED","User tidak aktif","NO_VEHICLE",,"2025-07-16T08:00:39.202Z"
"68775c27a04448c49c2f4279","c4df4202","683be4a11cd41fe74b91c584","DENIED","User tidak aktif",,,"2025-07-16T08:00:39.409Z"
"68775c27a04448c49c2f427a","c4df4202","683be4a11cd41fe74b91c584","DENIED","User tidak aktif",,,"2025-07-16T08:00:39.447Z"
"68775c27a04448c49c2f427b","c4df4202","683be4a11cd41fe74b91c584","DENIED","User tidak aktif",,,"2025-07-16T08:00:39.477Z"
"68775c27a04448c49c2f427c","c4df4202","683be4a11cd41fe74b91c584","DENIED","User tidak aktif",,,"2025-07-16T08:00:39.477Z"
"68775c27a04448c49c2f427d","c4df4202","683be4a11cd41fe74b91c584","DENIED","User tidak aktif",,,"2025-07-16T08:00:39.502Z"
"68775c27a04448c49c2f427e","c4df4202","683be4a11cd41fe74b91c584","DENIED","User tidak aktif",,,"2025-07-16T08:00:39.584Z"
"68775c43a04448c49c2f4280","4e2549c5",,"GRANTED",,"NO_VEHICLE",,"2025-07-16T08:01:07.171Z"
"68775c43a04448c49c2f4284","4e2549c5",,"GRANTED",,"NO_VEHICLE",,"2025-07-16T08:01:07.172Z"
"68775c43a04448c49c2f4281","4e2549c5",,"GRANTED",,"NO_VEHICLE",,"2025-07-16T08:01:07.171Z"
"68775c43a04448c49c2f4285","4e2549c5",,"GRANTED",,"NO_VEHICLE",,"2025-07-16T08:01:07.172Z"
"68775c43a04448c49c2f4282","4e2549c5",,"GRANTED",,"NO_VEHICLE",,"2025-07-16T08:01:07.171Z"
"68775c43a04448c49c2f427f","4e2549c5",,"GRANTED",,"NO_VEHICLE",,"2025-07-16T08:01:07.171Z"
"68775c43a04448c49c2f4283","4e2549c5",,"GRANTED",,"NO_VEHICLE",,"2025-07-16T08:01:07.172Z"
"68775c43a04448c49c2f4286","4e2549c5",,"GRANTED",,"NO_VEHICLE",,"2025-07-16T08:01:07.213Z"
"68775c43a04448c49c2f4287","4e2549c5",,"GRANTED",,,,"2025-07-16T08:01:07.417Z"
"68775c43a04448c49c2f4289","4e2549c5",,"GRANTED",,,,"2025-07-16T08:01:07.452Z"
"68775c43a04448c49c2f428a","4e2549c5",,"GRANTED",,,,"2025-07-16T08:01:07.452Z"
"68775c43a04448c49c2f4288","4e2549c5",,"GRANTED",,,,"2025-07-16T08:01:07.452Z"
"68775c43a04448c49c2f428b","4e2549c5",,"GRANTED",,,,"2025-07-16T08:01:07.540Z"
"68775c43a04448c49c2f428c","4e2549c5",,"GRANTED",,,,"2025-07-16T08:01:07.567Z"
"68775c54a04448c49c2f4293","c4df4202","683be4a11cd41fe74b91c584","DENIED","User tidak aktif","NO_VEHICLE",,"2025-07-16T08:01:24.811Z"
"68775c54a04448c49c2f4290","c4df4202","683be4a11cd41fe74b91c584","DENIED","User tidak aktif","NO_VEHICLE",,"2025-07-16T08:01:24.811Z"
"68775c54a04448c49c2f4292","c4df4202","683be4a11cd41fe74b91c584","DENIED","User tidak aktif","NO_VEHICLE",,"2025-07-16T08:01:24.811Z"
"68775c54a04448c49c2f428d","c4df4202","683be4a11cd41fe74b91c584","DENIED","User tidak aktif","NO_VEHICLE",,"2025-07-16T08:01:24.810Z"
"68775c54a04448c49c2f428f","c4df4202","683be4a11cd41fe74b91c584","DENIED","User tidak aktif","NO_VEHICLE",,"2025-07-16T08:01:24.811Z"
"68775c54a04448c49c2f428e","c4df4202","683be4a11cd41fe74b91c584","DENIED","User tidak aktif","NO_VEHICLE",,"2025-07-16T08:01:24.811Z"
"68775c54a04448c49c2f4291","c4df4202","683be4a11cd41fe74b91c584","DENIED","User tidak aktif","NO_VEHICLE",,"2025-07-16T08:01:24.811Z"
"68775c54a04448c49c2f4294","c4df4202","683be4a11cd41fe74b91c584","DENIED","User tidak aktif","NO_VEHICLE",,"2025-07-16T08:01:24.856Z"
"68775c55a04448c49c2f4295","c4df4202","683be4a11cd41fe74b91c584","DENIED","User tidak aktif",,,"2025-07-16T08:01:25.108Z"
"68775c55a04448c49c2f4297","c4df4202","683be4a11cd41fe74b91c584","DENIED","User tidak aktif",,,"2025-07-16T08:01:25.140Z"
"68775c55a04448c49c2f4296","c4df4202","683be4a11cd41fe74b91c584","DENIED","User tidak aktif",,,"2025-07-16T08:01:25.139Z"
"68775c55a04448c49c2f4298","c4df4202","683be4a11cd41fe74b91c584","DENIED","User tidak aktif",,,"2025-07-16T08:01:25.147Z"
"68775c55a04448c49c2f4299","c4df4202","683be4a11cd41fe74b91c584","DENIED","User tidak aktif",,,"2025-07-16T08:01:25.203Z"
"68775c55a04448c49c2f429a","c4df4202","683be4a11cd41fe74b91c584","DENIED","User tidak aktif",,,"2025-07-16T08:01:25.242Z"
"68775c88a04448c49c2f429c","4e2549c5",,"GRANTED",,"NO_VEHICLE",,"2025-07-16T08:02:16.127Z"
"68775c88a04448c49c2f429d","4e2549c5",,"GRANTED",,"NO_VEHICLE",,"2025-07-16T08:02:16.127Z"
"68775c88a04448c49c2f429f","4e2549c5",,"GRANTED",,"NO_VEHICLE",,"2025-07-16T08:02:16.128Z"
"68775c88a04448c49c2f42a1","4e2549c5",,"GRANTED",,"NO_VEHICLE",,"2025-07-16T08:02:16.128Z"
"68775c88a04448c49c2f42a0","4e2549c5",,"GRANTED",,"NO_VEHICLE",,"2025-07-16T08:02:16.128Z"
"68775c88a04448c49c2f429e","4e2549c5",,"GRANTED",,"NO_VEHICLE",,"2025-07-16T08:02:16.128Z"
"68775c88a04448c49c2f429b","4e2549c5",,"GRANTED",,"NO_VEHICLE",,"2025-07-16T08:02:16.127Z"
"68775c88a04448c49c2f42a2","4e2549c5",,"GRANTED",,"NO_VEHICLE",,"2025-07-16T08:02:16.178Z"
"68775c88a04448c49c2f42a3","4e2549c5",,"GRANTED",,,,"2025-07-16T08:02:16.369Z"
"68775c88a04448c49c2f42a5","4e2549c5",,"GRANTED",,,,"2025-07-16T08:02:16.381Z"
"68775c88a04448c49c2f42a4","4e2549c5",,"GRANTED",,,,"2025-07-16T08:02:16.380Z"
"68775c88a04448c49c2f42a7","4e2549c5",,"GRANTED",,,,"2025-07-16T08:02:16.444Z"
"68775c88a04448c49c2f42a6","4e2549c5",,"GRANTED",,,,"2025-07-16T08:02:16.444Z"
"68775c88a04448c49c2f42a8","4e2549c5",,"GRANTED",,,,"2025-07-16T08:02:16.485Z"
"68775caba04448c49c2f42ac","c4df4202","683be4a11cd41fe74b91c584","DENIED","User tidak aktif","NO_VEHICLE",,"2025-07-16T08:02:51.716Z"
"68775caba04448c49c2f42aa","c4df4202","683be4a11cd41fe74b91c584","DENIED","User tidak aktif","NO_VEHICLE",,"2025-07-16T08:02:51.715Z"
"68775caba04448c49c2f42ad","c4df4202","683be4a11cd41fe74b91c584","DENIED","User tidak aktif","NO_VEHICLE",,"2025-07-16T08:02:51.716Z"
"68775caba04448c49c2f42ab","c4df4202","683be4a11cd41fe74b91c584","DENIED","User tidak aktif","NO_VEHICLE",,"2025-07-16T08:02:51.715Z"
"68775caba04448c49c2f42ae","c4df4202","683be4a11cd41fe74b91c584","DENIED","User tidak aktif","NO_VEHICLE",,"2025-07-16T08:02:51.716Z"
"68775caba04448c49c2f42af","c4df4202","683be4a11cd41fe74b91c584","DENIED","User tidak aktif","NO_VEHICLE",,"2025-07-16T08:02:51.716Z"
"68775caba04448c49c2f42a9","c4df4202","683be4a11cd41fe74b91c584","DENIED","User tidak aktif","NO_VEHICLE",,"2025-07-16T08:02:51.715Z"
"68775caba04448c49c2f42b0","c4df4202","683be4a11cd41fe74b91c584","DENIED","User tidak aktif","NO_VEHICLE",,"2025-07-16T08:02:51.770Z"
"68775caba04448c49c2f42b1","c4df4202","683be4a11cd41fe74b91c584","DENIED","User tidak aktif",,,"2025-07-16T08:02:51.951Z"
"68775caba04448c49c2f42b2","c4df4202","683be4a11cd41fe74b91c584","DENIED","User tidak aktif",,,"2025-07-16T08:02:51.960Z"
"68775caba04448c49c2f42b3","c4df4202","683be4a11cd41fe74b91c584","DENIED","User tidak aktif",,,"2025-07-16T08:02:51.991Z"
"68775caba04448c49c2f42b4","c4df4202","683be4a11cd41fe74b91c584","DENIED","User tidak aktif",,,"2025-07-16T08:02:51.991Z"
"68775caca04448c49c2f42b5","c4df4202","683be4a11cd41fe74b91c584","DENIED","User tidak aktif",,,"2025-07-16T08:02:52.038Z"
"68775caca04448c49c2f42b6","c4df4202","683be4a11cd41fe74b91c584","DENIED","User tidak aktif",,,"2025-07-16T08:02:52.086Z"
"68775dc6fee3ed858a4706a4","9e84ce05","683be4831cd41fe74b91c583","GRANTED",,"NO_VEHICLE",,"2025-07-16T08:07:34.691Z"
"68775dc6fee3ed858a4706a5","9e84ce05","683be4831cd41fe74b91c583","GRANTED",,"NO_VEHICLE",,"2025-07-16T08:07:34.762Z"
"68775dc6fee3ed858a4706a6","9e84ce05","683be4831cd41fe74b91c583","GRANTED",,"NO_VEHICLE",,"2025-07-16T08:07:34.908Z"
"68775dc6fee3ed858a4706a7","9e84ce05","683be4831cd41fe74b91c583","GRANTED",,"NO_VEHICLE",,"2025-07-16T08:07:34.909Z"
"68775dc6fee3ed858a4706a8","9e84ce05","683be4831cd41fe74b91c583","GRANTED",,"NO_VEHICLE",,"2025-07-16T08:07:34.909Z"
"68775dc6fee3ed858a4706a9","9e84ce05","683be4831cd41fe74b91c583","GRANTED",,"NO_VEHICLE",,"2025-07-16T08:07:34.950Z"
"68775dc7fee3ed858a4706aa","9e84ce05","683be4831cd41fe74b91c583","GRANTED",,"NO_VEHICLE",,"2025-07-16T08:07:34.834Z"
"68775dc7fee3ed858a4706ab","9e84ce05","683be4831cd41fe74b91c583","GRANTED",,"NO_VEHICLE",,"2025-07-16T08:07:34.909Z"
"68775deafee3ed858a4706b0","4e2549c5",,"GRANTED",,"NO_VEHICLE",,"2025-07-16T08:08:10.510Z"
"68775deafee3ed858a4706ad","4e2549c5",,"GRANTED",,"NO_VEHICLE",,"2025-07-16T08:08:10.509Z"
"68775deafee3ed858a4706af","4e2549c5",,"GRANTED",,"NO_VEHICLE",,"2025-07-16T08:08:10.510Z"
"68775deafee3ed858a4706ae","4e2549c5",,"GRANTED",,"NO_VEHICLE",,"2025-07-16T08:08:10.509Z"
"68775deafee3ed858a4706ac","4e2549c5",,"GRANTED",,"NO_VEHICLE",,"2025-07-16T08:08:10.509Z"
"68775deafee3ed858a4706b1","4e2549c5",,"GRANTED",,"NO_VEHICLE",,"2025-07-16T08:08:10.679Z"
"68775deafee3ed858a4706b2","4e2549c5",,"GRANTED",,"NO_VEHICLE",,"2025-07-16T08:08:10.679Z"
"68775deafee3ed858a4706b3","4e2549c5",,"GRANTED",,"NO_VEHICLE",,"2025-07-16T08:08:10.723Z"
"68775e66c183d5c64e9eecef","9e84ce05","683be4831cd41fe74b91c583","GRANTED",,"NO_VEHICLE",,"2025-07-16T08:10:14.003Z"
"68775e6dc183d5c64e9eecf0","9e84ce05","683be4831cd41fe74b91c583","GRANTED",,"NO_VEHICLE",,"2025-07-16T08:10:21.359Z"
"68775e73c183d5c64e9eecf1","9e84ce05","683be4831cd41fe74b91c583","GRANTED",,"NO_VEHICLE",,"2025-07-16T08:10:27.378Z"
"68775e7bc183d5c64e9eecf2","4e2549c5",,"GRANTED",,"NO_VEHICLE",,"2025-07-16T08:10:35.159Z"
"68775ec5c183d5c64e9eecf3","4e2549c5",,"GRANTED",,"NO_VEHICLE",,"2025-07-16T08:11:49.938Z"
"68775ecec183d5c64e9eecf4","9e84ce05","683be4831cd41fe74b91c583","GRANTED",,"NO_VEHICLE",,"2025-07-16T08:11:58.790Z"
"68775ed4c183d5c64e9eecf5","c4df4202","683be4a11cd41fe74b91c584","DENIED","User tidak aktif","NO_VEHICLE",,"2025-07-16T08:12:04.539Z"
"68775eddc183d5c64e9eecf6","4e2549c5",,"GRANTED",,"NO_VEHICLE",,"2025-07-16T08:12:13.957Z"
"68775f03c183d5c64e9eecf7","4e2549c5",,"GRANTED",,"NO_VEHICLE",,"2025-07-16T08:12:51.167Z"
"68775f166df0c7bf340e5d05","4e2549c5",,"GRANTED",,"NO_VEHICLE",,"2025-07-16T08:13:10.405Z"
"68775f166df0c7bf340e5d06","4e2549c5",,"GRANTED",,"NO_VEHICLE",,"2025-07-16T08:13:10.485Z"
"68775f166df0c7bf340e5d07","4e2549c5",,"GRANTED",,"NO_VEHICLE",,"2025-07-16T08:13:10.589Z"
"68775f166df0c7bf340e5d08","4e2549c5",,"GRANTED",,"NO_VEHICLE",,"2025-07-16T08:13:10.590Z"
"68775f166df0c7bf340e5d09","4e2549c5",,"GRANTED",,"NO_VEHICLE",,"2025-07-16T08:13:10.590Z"
"68775f166df0c7bf340e5d0a","4e2549c5",,"GRANTED",,"NO_VEHICLE",,"2025-07-16T08:13:10.636Z"
"68775f166df0c7bf340e5d0b","4e2549c5",,"GRANTED",,"NO_VEHICLE",,"2025-07-16T08:13:10.589Z"
"68775f166df0c7bf340e5d0c","4e2549c5",,"GRANTED",,"NO_VEHICLE",,"2025-07-16T08:13:10.590Z"
"687763e750bf3081affe2694","c4df4202","683be4a11cd41fe74b91c584","DENIED","User tidak aktif","NO_VEHICLE",,"2025-07-16T08:33:43.681Z"
"687763e750bf3081affe2695","c4df4202","683be4a11cd41fe74b91c584","DENIED","User tidak aktif","NO_VEHICLE",,"2025-07-16T08:33:43.755Z"
"687763e750bf3081affe2696","c4df4202","683be4a11cd41fe74b91c584","DENIED","User tidak aktif","NO_VEHICLE",,"2025-07-16T08:33:43.756Z"
"687763e750bf3081affe2697","c4df4202","683be4a11cd41fe74b91c584","DENIED","User tidak aktif","NO_VEHICLE",,"2025-07-16T08:33:43.836Z"
"687763e750bf3081affe2698","c4df4202","683be4a11cd41fe74b91c584","DENIED","User tidak aktif","NO_VEHICLE",,"2025-07-16T08:33:43.837Z"
"687763e750bf3081affe2699","c4df4202","683be4a11cd41fe74b91c584","DENIED","User tidak aktif","NO_VEHICLE",,"2025-07-16T08:33:43.837Z"
"687763e850bf3081affe269a","c4df4202","683be4a11cd41fe74b91c584","DENIED","User tidak aktif","NO_VEHICLE",,"2025-07-16T08:33:43.923Z"
"687763e850bf3081affe269b","c4df4202","683be4a11cd41fe74b91c584","DENIED","User tidak aktif","NO_VEHICLE",,"2025-07-16T08:33:44.157Z"
"687763e850bf3081affe269c","c4df4202","683be4a11cd41fe74b91c584","DENIED","User tidak aktif","NO_VEHICLE",,"2025-07-16T08:33:43.755Z"
"687763e850bf3081affe269d","c4df4202","683be4a11cd41fe74b91c584","DENIED","User tidak aktif","NO_VEHICLE",,"2025-07-16T08:33:43.680Z"
"687763e850bf3081affe269e","c4df4202","683be4a11cd41fe74b91c584","DENIED","User tidak aktif","NO_VEHICLE",,"2025-07-16T08:33:44.385Z"
"687763e850bf3081affe269f","c4df4202","683be4a11cd41fe74b91c584","DENIED","User tidak aktif","NO_VEHICLE",,"2025-07-16T08:33:44.385Z"
"687763e850bf3081affe26a0","c4df4202","683be4a11cd41fe74b91c584","DENIED","User tidak aktif","NO_VEHICLE",,"2025-07-16T08:33:44.387Z"
"687763e850bf3081affe26a1","c4df4202","683be4a11cd41fe74b91c584","DENIED","User tidak aktif","NO_VEHICLE",,"2025-07-16T08:33:44.387Z"
"687763e850bf3081affe26a2","c4df4202","683be4a11cd41fe74b91c584","DENIED","User tidak aktif","NO_VEHICLE",,"2025-07-16T08:33:44.387Z"
"687763e850bf3081affe26a3","c4df4202","683be4a11cd41fe74b91c584","DENIED","User tidak aktif","NO_VEHICLE",,"2025-07-16T08:33:44.415Z"
"687763e850bf3081affe26a4","c4df4202","683be4a11cd41fe74b91c584","DENIED","User tidak aktif","NO_VEHICLE",,"2025-07-16T08:33:44.462Z"
"687763e850bf3081affe26a5","c4df4202","683be4a11cd41fe74b91c584","DENIED","User tidak aktif",,,"2025-07-16T08:33:44.540Z"
"687763e850bf3081affe26a6","c4df4202","683be4a11cd41fe74b91c584","DENIED","User tidak aktif",,,"2025-07-16T08:33:44.540Z"
"687763e850bf3081affe26a7","c4df4202","683be4a11cd41fe74b91c584","DENIED","User tidak aktif","NO_VEHICLE",,"2025-07-16T08:33:44.383Z"
"687763e850bf3081affe26a8","c4df4202","683be4a11cd41fe74b91c584","DENIED","User tidak aktif",,,"2025-07-16T08:33:44.756Z"
"687763e950bf3081affe26aa","c4df4202","683be4a11cd41fe74b91c584","DENIED","User tidak aktif","NO_VEHICLE",,"2025-07-16T08:33:45.411Z"
"687763e950bf3081affe26a9","c4df4202","683be4a11cd41fe74b91c584","DENIED","User tidak aktif","NO_VEHICLE",,"2025-07-16T08:33:45.411Z"
"687763e950bf3081affe26ab","c4df4202","683be4a11cd41fe74b91c584","DENIED","User tidak aktif","NO_VEHICLE",,"2025-07-16T08:33:45.766Z"
"687763e950bf3081affe26ac","c4df4202","683be4a11cd41fe74b91c584","DENIED","User tidak aktif","NO_VEHICLE",,"2025-07-16T08:33:45.772Z"
"687763e950bf3081affe26ad","c4df4202","683be4a11cd41fe74b91c584","DENIED","User tidak aktif","NO_VEHICLE",,"2025-07-16T08:33:45.772Z"
"687763e950bf3081affe26ae","c4df4202","683be4a11cd41fe74b91c584","DENIED","User tidak aktif","NO_VEHICLE",,"2025-07-16T08:33:45.806Z"
"687763e950bf3081affe26af","c4df4202","683be4a11cd41fe74b91c584","DENIED","User tidak aktif",,,"2025-07-16T08:33:45.840Z"
"687763e950bf3081affe26b0","c4df4202","683be4a11cd41fe74b91c584","DENIED","User tidak aktif",,,"2025-07-16T08:33:45.863Z"
"687763e950bf3081affe26b1","c4df4202","683be4a11cd41fe74b91c584","DENIED","User tidak aktif",,,"2025-07-16T08:33:45.884Z"
"687763e950bf3081affe26b2","c4df4202","683be4a11cd41fe74b91c584","DENIED","User tidak aktif",,,"2025-07-16T08:33:45.889Z"
"687763e950bf3081affe26b3","c4df4202","683be4a11cd41fe74b91c584","DENIED","User tidak aktif",,,"2025-07-16T08:33:45.911Z"
"687763ea50bf3081affe26b4","c4df4202","683be4a11cd41fe74b91c584","DENIED","User tidak aktif",,,"2025-07-16T08:33:46.187Z"
"687763f050bf3081affe26b5","9e84ce05","683be4831cd41fe74b91c583","GRANTED",,"NO_VEHICLE",,"2025-07-16T08:33:52.890Z"
"687763f050bf3081affe26b7","9e84ce05","683be4831cd41fe74b91c583","GRANTED",,"NO_VEHICLE",,"2025-07-16T08:33:52.890Z"
"687763f050bf3081affe26b6","9e84ce05","683be4831cd41fe74b91c583","GRANTED",,"NO_VEHICLE",,"2025-07-16T08:33:52.890Z"
"687763f150bf3081affe26b9","9e84ce05","683be4831cd41fe74b91c583","GRANTED",,"NO_VEHICLE",,"2025-07-16T08:33:53.198Z"
"687763f150bf3081affe26ba","9e84ce05","683be4831cd41fe74b91c583","GRANTED",,"NO_VEHICLE",,"2025-07-16T08:33:53.198Z"
"687763f150bf3081affe26bb","9e84ce05","683be4831cd41fe74b91c583","GRANTED",,"NO_VEHICLE",,"2025-07-16T08:33:53.198Z"
"687763f150bf3081affe26bd","9e84ce05","683be4831cd41fe74b91c583","GRANTED",,"NO_VEHICLE",,"2025-07-16T08:33:53.199Z"
"687763f150bf3081affe26bc","9e84ce05","683be4831cd41fe74b91c583","GRANTED",,"NO_VEHICLE",,"2025-07-16T08:33:53.198Z"
"687763f150bf3081affe26b8","9e84ce05","683be4831cd41fe74b91c583","GRANTED",,"NO_VEHICLE",,"2025-07-16T08:33:53.197Z"
"687763f150bf3081affe26bf","9e84ce05","683be4831cd41fe74b91c583","GRANTED",,"NO_VEHICLE",,"2025-07-16T08:33:53.201Z"
"687763f150bf3081affe26be","9e84ce05","683be4831cd41fe74b91c583","GRANTED",,"NO_VEHICLE",,"2025-07-16T08:33:53.201Z"
"687763f150bf3081affe26c0","9e84ce05","683be4831cd41fe74b91c583","GRANTED",,"NO_VEHICLE",,"2025-07-16T08:33:53.239Z"
"687763f150bf3081affe26c1","9e84ce05","683be4831cd41fe74b91c583","GRANTED",,,,"2025-07-16T08:33:53.266Z"
"687763f150bf3081affe26c2","9e84ce05","683be4831cd41fe74b91c583","GRANTED",,,,"2025-07-16T08:33:53.281Z"
"687763f150bf3081affe26c3","9e84ce05","683be4831cd41fe74b91c583","GRANTED",,,,"2025-07-16T08:33:53.456Z"
"687763f150bf3081affe26c4","9e84ce05","683be4831cd41fe74b91c583","GRANTED",,,,"2025-07-16T08:33:53.473Z"
"687763f150bf3081affe26c5","9e84ce05","683be4831cd41fe74b91c583","GRANTED",,,,"2025-07-16T08:33:53.534Z"
"687763f150bf3081affe26c6","9e84ce05","683be4831cd41fe74b91c583","GRANTED",,,,"2025-07-16T08:33:53.537Z"
"6877640050bf3081affe26c7","4e2549c5",,"GRANTED",,"NO_VEHICLE",,"2025-07-16T08:34:08.801Z"
"6877640050bf3081affe26cb","4e2549c5",,"GRANTED",,"NO_VEHICLE",,"2025-07-16T08:34:08.802Z"
"6877640050bf3081affe26c9","4e2549c5",,"GRANTED",,"NO_VEHICLE",,"2025-07-16T08:34:08.802Z"
"6877640050bf3081affe26c8","4e2549c5",,"GRANTED",,"NO_VEHICLE",,"2025-07-16T08:34:08.801Z"
"6877640050bf3081affe26ca","4e2549c5",,"GRANTED",,"NO_VEHICLE",,"2025-07-16T08:34:08.802Z"
"6877640050bf3081affe26ce","4e2549c5",,"GRANTED",,"NO_VEHICLE",,"2025-07-16T08:34:08.802Z"
"6877640050bf3081affe26cc","4e2549c5",,"GRANTED",,"NO_VEHICLE",,"2025-07-16T08:34:08.802Z"
"6877640050bf3081affe26cd","4e2549c5",,"GRANTED",,"NO_VEHICLE",,"2025-07-16T08:34:08.802Z"
"6877640050bf3081affe26cf","4e2549c5",,"GRANTED",,"NO_VEHICLE",,"2025-07-16T08:34:08.802Z"
"6877640050bf3081affe26d0","4e2549c5",,"GRANTED",,"NO_VEHICLE",,"2025-07-16T08:34:08.844Z"
"6877640150bf3081affe26d1","4e2549c5",,"GRANTED",,,,"2025-07-16T08:34:09.029Z"
"6877640150bf3081affe26d2","4e2549c5",,"GRANTED",,,,"2025-07-16T08:34:09.044Z"
"6877640150bf3081affe26d3","4e2549c5",,"GRANTED",,,,"2025-07-16T08:34:09.051Z"
"6877640150bf3081affe26d4","4e2549c5",,"GRANTED",,,,"2025-07-16T08:34:09.103Z"
"6877640150bf3081affe26d5","4e2549c5",,"GRANTED",,,,"2025-07-16T08:34:09.128Z"
"6877640150bf3081affe26d6","4e2549c5",,"GRANTED",,,,"2025-07-16T08:34:09.135Z"
"6877648b50bf3081affe26d8","c4df4202","683be4a11cd41fe74b91c584","DENIED","User tidak aktif","NO_VEHICLE",,"2025-07-16T08:36:27.861Z"
"6877648b50bf3081affe26d7","c4df4202","683be4a11cd41fe74b91c584","DENIED","User tidak aktif","NO_VEHICLE",,"2025-07-16T08:36:27.861Z"
"6877648b50bf3081affe26d9","c4df4202","683be4a11cd41fe74b91c584","DENIED","User tidak aktif","NO_VEHICLE",,"2025-07-16T08:36:27.861Z"
"6877648c50bf3081affe26da","c4df4202","683be4a11cd41fe74b91c584","DENIED","User tidak aktif","NO_VEHICLE",,"2025-07-16T08:36:28.247Z"
"6877648c50bf3081affe26db","c4df4202","683be4a11cd41fe74b91c584","DENIED","User tidak aktif","NO_VEHICLE",,"2025-07-16T08:36:28.247Z"
"6877648c50bf3081affe26dc","c4df4202","683be4a11cd41fe74b91c584","DENIED","User tidak aktif","NO_VEHICLE",,"2025-07-16T08:36:28.320Z"
"6877648c50bf3081affe26dd","c4df4202","683be4a11cd41fe74b91c584","DENIED","User tidak aktif","NO_VEHICLE",,"2025-07-16T08:36:28.393Z"
"6877648c50bf3081affe26de","c4df4202","683be4a11cd41fe74b91c584","DENIED","User tidak aktif","NO_VEHICLE",,"2025-07-16T08:36:28.470Z"
"6877648c50bf3081affe26e0","c4df4202","683be4a11cd41fe74b91c584","DENIED","User tidak aktif","NO_VEHICLE",,"2025-07-16T08:36:28.545Z"
"6877648c50bf3081affe26df","c4df4202","683be4a11cd41fe74b91c584","DENIED","User tidak aktif","NO_VEHICLE",,"2025-07-16T08:36:28.545Z"
"6877648c50bf3081affe26e1","c4df4202","683be4a11cd41fe74b91c584","DENIED","User tidak aktif","NO_VEHICLE",,"2025-07-16T08:36:28.545Z"
"6877648c50bf3081affe26e2","c4df4202","683be4a11cd41fe74b91c584","DENIED","User tidak aktif","NO_VEHICLE",,"2025-07-16T08:36:28.546Z"
"6877648c50bf3081affe26e3","c4df4202","683be4a11cd41fe74b91c584","DENIED","User tidak aktif","NO_VEHICLE",,"2025-07-16T08:36:28.546Z"
"6877648c50bf3081affe26e4","c4df4202","683be4a11cd41fe74b91c584","DENIED","User tidak aktif","NO_VEHICLE",,"2025-07-16T08:36:28.549Z"
"6877648c50bf3081affe26e5","c4df4202","683be4a11cd41fe74b91c584","DENIED","User tidak aktif","NO_VEHICLE",,"2025-07-16T08:36:28.550Z"
"6877648c50bf3081affe26e6","c4df4202","683be4a11cd41fe74b91c584","DENIED","User tidak aktif","NO_VEHICLE",,"2025-07-16T08:36:28.550Z"
"6877648c50bf3081affe26e7","c4df4202","683be4a11cd41fe74b91c584","DENIED","User tidak aktif","NO_VEHICLE",,"2025-07-16T08:36:28.550Z"
"6877648c50bf3081affe26e8","c4df4202","683be4a11cd41fe74b91c584","DENIED","User tidak aktif","NO_VEHICLE",,"2025-07-16T08:36:28.550Z"
"6877648c50bf3081affe26e9","c4df4202","683be4a11cd41fe74b91c584","DENIED","User tidak aktif","NO_VEHICLE",,"2025-07-16T08:36:28.552Z"
"6877648c50bf3081affe26ea","c4df4202","683be4a11cd41fe74b91c584","DENIED","User tidak aktif","NO_VEHICLE",,"2025-07-16T08:36:28.553Z"
"6877648c50bf3081affe26eb","c4df4202","683be4a11cd41fe74b91c584","DENIED","User tidak aktif","NO_VEHICLE",,"2025-07-16T08:36:28.586Z"
"6877648c50bf3081affe26ec","c4df4202","683be4a11cd41fe74b91c584","DENIED","User tidak aktif",,,"2025-07-16T08:36:28.627Z"
"6877648c50bf3081affe26ed","c4df4202","683be4a11cd41fe74b91c584","DENIED","User tidak aktif",,,"2025-07-16T08:36:28.664Z"
"6877648d50bf3081affe26ee","c4df4202","683be4a11cd41fe74b91c584","DENIED","User tidak aktif",,,"2025-07-16T08:36:29.118Z"
"6877648d50bf3081affe26ef","c4df4202","683be4a11cd41fe74b91c584","DENIED","User tidak aktif",,,"2025-07-16T08:36:29.135Z"
"6877648d50bf3081affe26f0","c4df4202","683be4a11cd41fe74b91c584","DENIED","User tidak aktif",,,"2025-07-16T08:36:29.162Z"
"6877648d50bf3081affe26f1","c4df4202","683be4a11cd41fe74b91c584","DENIED","User tidak aktif",,,"2025-07-16T08:36:29.162Z"
"6877648d50bf3081affe26f2","c4df4202","683be4a11cd41fe74b91c584","DENIED","User tidak aktif",,,"2025-07-16T08:36:29.182Z"
"6877648d50bf3081affe26f3","c4df4202","683be4a11cd41fe74b91c584","DENIED","User tidak aktif",,,"2025-07-16T08:36:29.231Z"
"687764a150bf3081affe26f4","4e2549c5",,"GRANTED",,"NO_VEHICLE",,"2025-07-16T08:36:49.738Z"
"687764a150bf3081affe26f5","4e2549c5",,"GRANTED",,"NO_VEHICLE",,"2025-07-16T08:36:49.816Z"
"687764a250bf3081affe26f9","4e2549c5",,"GRANTED",,"NO_VEHICLE",,"2025-07-16T08:36:50.196Z"
"687764a250bf3081affe26f7","4e2549c5",,"GRANTED",,"NO_VEHICLE",,"2025-07-16T08:36:50.196Z"
"687764a250bf3081affe26f6","4e2549c5",,"GRANTED",,"NO_VEHICLE",,"2025-07-16T08:36:50.196Z"
"687764a250bf3081affe26f8","4e2549c5",,"GRANTED",,"NO_VEHICLE",,"2025-07-16T08:36:50.196Z"
"687764a250bf3081affe26fa","4e2549c5",,"GRANTED",,"NO_VEHICLE",,"2025-07-16T08:36:50.196Z"
"687764a250bf3081affe26fb","4e2549c5",,"GRANTED",,"NO_VEHICLE",,"2025-07-16T08:36:50.196Z"
"687764a250bf3081affe26fe","4e2549c5",,"GRANTED",,"NO_VEHICLE",,"2025-07-16T08:36:50.198Z"
"687764a250bf3081affe26fd","4e2549c5",,"GRANTED",,"NO_VEHICLE",,"2025-07-16T08:36:50.197Z"
"687764a250bf3081affe26fc","4e2549c5",,"GRANTED",,"NO_VEHICLE",,"2025-07-16T08:36:50.196Z"
"687764a250bf3081affe26ff","4e2549c5",,"GRANTED",,"NO_VEHICLE",,"2025-07-16T08:36:50.198Z"
"687764a250bf3081affe2700","4e2549c5",,"GRANTED",,"NO_VEHICLE",,"2025-07-16T08:36:50.198Z"
"687764a250bf3081affe2701","4e2549c5",,"GRANTED",,"NO_VEHICLE",,"2025-07-16T08:36:50.199Z"
"687764a250bf3081affe2702","4e2549c5",,"GRANTED",,"NO_VEHICLE",,"2025-07-16T08:36:50.234Z"
"687764a250bf3081affe2703","4e2549c5",,"GRANTED",,,,"2025-07-16T08:36:50.465Z"
"687764a250bf3081affe2704","4e2549c5",,"GRANTED",,,,"2025-07-16T08:36:50.480Z"
"687764a250bf3081affe2705","4e2549c5",,"GRANTED",,,,"2025-07-16T08:36:50.490Z"
"687764a250bf3081affe2706","4e2549c5",,"GRANTED",,,,"2025-07-16T08:36:50.550Z"
"687764a250bf3081affe2707","4e2549c5",,"GRANTED",,,,"2025-07-16T08:36:50.560Z"
"687764a250bf3081affe2708","4e2549c5",,"GRANTED",,,,"2025-07-16T08:36:50.561Z"
"687764b950bf3081affe2709","c4df4202","683be4a11cd41fe74b91c584","DENIED","User tidak aktif","NO_VEHICLE",,"2025-07-16T08:37:13.868Z"
"687764b950bf3081affe270a","c4df4202","683be4a11cd41fe74b91c584","DENIED","User tidak aktif","NO_VEHICLE",,"2025-07-16T08:37:13.947Z"
"687764ba50bf3081affe270c","c4df4202","683be4a11cd41fe74b91c584","DENIED","User tidak aktif","NO_VEHICLE",,"2025-07-16T08:37:14.170Z"
"687764ba50bf3081affe270b","c4df4202","683be4a11cd41fe74b91c584","DENIED","User tidak aktif","NO_VEHICLE",,"2025-07-16T08:37:14.170Z"
"687764ba50bf3081affe270d","c4df4202","683be4a11cd41fe74b91c584","DENIED","User tidak aktif","NO_VEHICLE",,"2025-07-16T08:37:14.454Z"
"687764ba50bf3081affe2712","c4df4202","683be4a11cd41fe74b91c584","DENIED","User tidak aktif","NO_VEHICLE",,"2025-07-16T08:37:14.455Z"
"687764ba50bf3081affe270f","c4df4202","683be4a11cd41fe74b91c584","DENIED","User tidak aktif","NO_VEHICLE",,"2025-07-16T08:37:14.454Z"
"687764ba50bf3081affe2711","c4df4202","683be4a11cd41fe74b91c584","DENIED","User tidak aktif","NO_VEHICLE",,"2025-07-16T08:37:14.454Z"
"687764ba50bf3081affe2710","c4df4202","683be4a11cd41fe74b91c584","DENIED","User tidak aktif","NO_VEHICLE",,"2025-07-16T08:37:14.454Z"
"687764ba50bf3081affe270e","c4df4202","683be4a11cd41fe74b91c584","DENIED","User tidak aktif","NO_VEHICLE",,"2025-07-16T08:37:14.454Z"
"687764ba50bf3081affe2713","c4df4202","683be4a11cd41fe74b91c584","DENIED","User tidak aktif","NO_VEHICLE",,"2025-07-16T08:37:14.611Z"
"687764ba50bf3081affe2714","c4df4202","683be4a11cd41fe74b91c584","DENIED","User tidak aktif","NO_VEHICLE",,"2025-07-16T08:37:14.612Z"
"687764ba50bf3081affe2715","c4df4202","683be4a11cd41fe74b91c584","DENIED","User tidak aktif","NO_VEHICLE",,"2025-07-16T08:37:14.613Z"
"687764ba50bf3081affe2716","c4df4202","683be4a11cd41fe74b91c584","DENIED","User tidak aktif","NO_VEHICLE",,"2025-07-16T08:37:14.613Z"
"687764ba50bf3081affe2717","c4df4202","683be4a11cd41fe74b91c584","DENIED","User tidak aktif","NO_VEHICLE",,"2025-07-16T08:37:14.613Z"
"687764ba50bf3081affe2719","c4df4202","683be4a11cd41fe74b91c584","DENIED","User tidak aktif","NO_VEHICLE",,"2025-07-16T08:37:14.615Z"
"687764ba50bf3081affe271a","c4df4202","683be4a11cd41fe74b91c584","DENIED","User tidak aktif","NO_VEHICLE",,"2025-07-16T08:37:14.615Z"
"687764ba50bf3081affe2718","c4df4202","683be4a11cd41fe74b91c584","DENIED","User tidak aktif","NO_VEHICLE",,"2025-07-16T08:37:14.615Z"
"687764ba50bf3081affe271b","c4df4202","683be4a11cd41fe74b91c584","DENIED","User tidak aktif","NO_VEHICLE",,"2025-07-16T08:37:14.615Z"
"687764ba50bf3081affe271c","c4df4202","683be4a11cd41fe74b91c584","DENIED","User tidak aktif","NO_VEHICLE",,"2025-07-16T08:37:14.655Z"
"687764bb50bf3081affe271e","c4df4202","683be4a11cd41fe74b91c584","DENIED","User tidak aktif",,,"2025-07-16T08:37:15.228Z"
"687764bb50bf3081affe271d","c4df4202","683be4a11cd41fe74b91c584","DENIED","User tidak aktif",,,"2025-07-16T08:37:15.228Z"
"687764bb50bf3081affe271f","c4df4202","683be4a11cd41fe74b91c584","DENIED","User tidak aktif","NO_VEHICLE",,"2025-07-16T08:37:15.234Z"
"687764bb50bf3081affe2720","c4df4202","683be4a11cd41fe74b91c584","DENIED","User tidak aktif",,,"2025-07-16T08:37:15.234Z"
"687764bb50bf3081affe2723","c4df4202","683be4a11cd41fe74b91c584","DENIED","User tidak aktif",,,"2025-07-16T08:37:15.234Z"
"687764bb50bf3081affe2724","c4df4202","683be4a11cd41fe74b91c584","DENIED","User tidak aktif","NO_VEHICLE",,"2025-07-16T08:37:15.235Z"
"687764bb50bf3081affe2722","c4df4202","683be4a11cd41fe74b91c584","DENIED","User tidak aktif",,,"2025-07-16T08:37:15.234Z"
"687764bb50bf3081affe2721","c4df4202","683be4a11cd41fe74b91c584","DENIED","User tidak aktif",,,"2025-07-16T08:37:15.234Z"
"687766f350bf3081affe2725","9e84ce05","683be4831cd41fe74b91c583","GRANTED",,"NO_VEHICLE",,"2025-07-16T08:46:43.399Z"
"687766f350bf3081affe2726","9e84ce05","683be4831cd41fe74b91c583","GRANTED",,"NO_VEHICLE",,"2025-07-16T08:46:43.400Z"
"687766f350bf3081affe2727","9e84ce05","683be4831cd41fe74b91c583","GRANTED",,"NO_VEHICLE",,"2025-07-16T08:46:43.400Z"
"687766f350bf3081affe2728","9e84ce05","683be4831cd41fe74b91c583","GRANTED",,"NO_VEHICLE",,"2025-07-16T08:46:43.400Z"
"687766f350bf3081affe2729","9e84ce05","683be4831cd41fe74b91c583","GRANTED",,"NO_VEHICLE",,"2025-07-16T08:46:43.400Z"
"687766f350bf3081affe272a","9e84ce05","683be4831cd41fe74b91c583","GRANTED",,"NO_VEHICLE",,"2025-07-16T08:46:43.400Z"
"687766f350bf3081affe272b","9e84ce05","683be4831cd41fe74b91c583","GRANTED",,"NO_VEHICLE",,"2025-07-16T08:46:43.400Z"
"687766f350bf3081affe272c","9e84ce05","683be4831cd41fe74b91c583","GRANTED",,"NO_VEHICLE",,"2025-07-16T08:46:43.439Z"
"687766f450bf3081affe272d","9e84ce05","683be4831cd41fe74b91c583","GRANTED",,"NO_VEHICLE",,"2025-07-16T08:46:43.327Z"
"687766f450bf3081affe272e","9e84ce05","683be4831cd41fe74b91c583","GRANTED",,"NO_VEHICLE",,"2025-07-16T08:46:43.399Z"
"687766f450bf3081affe272f","9e84ce05","683be4831cd41fe74b91c583","GRANTED",,,,"2025-07-16T08:46:44.372Z"
"687766f450bf3081affe2730","9e84ce05","683be4831cd41fe74b91c583","GRANTED",,,,"2025-07-16T08:46:44.535Z"
"6877802e50bf3081affe2731","9e84ce05","683be4831cd41fe74b91c583","GRANTED",,"NO_VEHICLE",,"2025-07-16T10:34:21.974Z"
"6877802e50bf3081affe2732","9e84ce05","683be4831cd41fe74b91c583","GRANTED",,"NO_VEHICLE",,"2025-07-16T10:34:21.989Z"
"6877802e50bf3081affe2733","9e84ce05","683be4831cd41fe74b91c583","GRANTED",,"NO_VEHICLE",,"2025-07-16T10:34:22.013Z"
"6877802e50bf3081affe2734","9e84ce05","683be4831cd41fe74b91c583","GRANTED",,"NO_VEHICLE",,"2025-07-16T10:34:22.059Z"
"6877802e50bf3081affe2735","9e84ce05","683be4831cd41fe74b91c583","GRANTED",,"NO_VEHICLE",,"2025-07-16T10:34:22.069Z"
"6877802e50bf3081affe2736","9e84ce05","683be4831cd41fe74b91c583","GRANTED",,"NO_VEHICLE",,"2025-07-16T10:34:22.099Z"
"6877802e50bf3081affe2737","9e84ce05","683be4831cd41fe74b91c583","GRANTED",,"NO_VEHICLE",,"2025-07-16T10:34:22.186Z"
"6877802e50bf3081affe2738","9e84ce05","683be4831cd41fe74b91c583","GRANTED",,"NO_VEHICLE",,"2025-07-16T10:34:22.237Z"
"6877802e50bf3081affe2739","9e84ce05","683be4831cd41fe74b91c583","GRANTED",,"NO_VEHICLE",,"2025-07-16T10:34:22.029Z"
"6877802e50bf3081affe273a","9e84ce05","683be4831cd41fe74b91c583","GRANTED",,"NO_VEHICLE",,"2025-07-16T10:34:22.114Z"
"6877802e50bf3081affe273b","9e84ce05","683be4831cd41fe74b91c583","GRANTED",,,,"2025-07-16T10:34:22.723Z"
"6877802e50bf3081affe273c","9e84ce05","683be4831cd41fe74b91c583","GRANTED",,,,"2025-07-16T10:34:22.782Z"
"6877850150bf3081affe273d","9e84ce05","683be4831cd41fe74b91c583","GRANTED",,"NO_VEHICLE",,"2025-07-16T10:54:57.426Z"
"6877850150bf3081affe273e","9e84ce05","683be4831cd41fe74b91c583","GRANTED",,"NO_VEHICLE",,"2025-07-16T10:54:57.457Z"
"6877850150bf3081affe273f","9e84ce05","683be4831cd41fe74b91c583","GRANTED",,"NO_VEHICLE",,"2025-07-16T10:54:57.476Z"
"6877850150bf3081affe2740","9e84ce05","683be4831cd41fe74b91c583","GRANTED",,"NO_VEHICLE",,"2025-07-16T10:54:57.519Z"
"6877850150bf3081affe2741","9e84ce05","683be4831cd41fe74b91c583","GRANTED",,"NO_VEHICLE",,"2025-07-16T10:54:57.568Z"
"6877850150bf3081affe2742","9e84ce05","683be4831cd41fe74b91c583","GRANTED",,"NO_VEHICLE",,"2025-07-16T10:54:57.605Z"
"6877850150bf3081affe2743","9e84ce05","683be4831cd41fe74b91c583","GRANTED",,"NO_VEHICLE",,"2025-07-16T10:54:57.685Z"
"6877850150bf3081affe2744","9e84ce05","683be4831cd41fe74b91c583","GRANTED",,"NO_VEHICLE",,"2025-07-16T10:54:57.696Z"
"6877850150bf3081affe2745","9e84ce05","683be4831cd41fe74b91c583","GRANTED",,"NO_VEHICLE",,"2025-07-16T10:54:57.495Z"
"6877850150bf3081affe2746","9e84ce05","683be4831cd41fe74b91c583","GRANTED",,"NO_VEHICLE",,"2025-07-16T10:54:57.546Z"
"6877850250bf3081affe2747","9e84ce05","683be4831cd41fe74b91c583","GRANTED",,,,"2025-07-16T10:54:58.007Z"
"6877850250bf3081affe2748","9e84ce05","683be4831cd41fe74b91c583","GRANTED",,,,"2025-07-16T10:54:58.287Z"
"6877850c50bf3081affe274a","9e84ce05","683be4831cd41fe74b91c583","GRANTED",,"NO_VEHICLE",,"2025-07-16T10:55:08.793Z"
"6877850c50bf3081affe2749","9e84ce05","683be4831cd41fe74b91c583","GRANTED",,"NO_VEHICLE",,"2025-07-16T10:55:08.792Z"
"6877850c50bf3081affe274f","9e84ce05","683be4831cd41fe74b91c583","GRANTED",,"NO_VEHICLE",,"2025-07-16T10:55:08.874Z"
"6877850c50bf3081affe274e","9e84ce05","683be4831cd41fe74b91c583","GRANTED",,"NO_VEHICLE",,"2025-07-16T10:55:08.874Z"
"6877850c50bf3081affe274b","9e84ce05","683be4831cd41fe74b91c583","GRANTED",,"NO_VEHICLE",,"2025-07-16T10:55:08.874Z"
"6877850c50bf3081affe274c","9e84ce05","683be4831cd41fe74b91c583","GRANTED",,"NO_VEHICLE",,"2025-07-16T10:55:08.874Z"
"6877850c50bf3081affe274d","9e84ce05","683be4831cd41fe74b91c583","GRANTED",,"NO_VEHICLE",,"2025-07-16T10:55:08.874Z"
"6877850c50bf3081affe2750","9e84ce05","683be4831cd41fe74b91c583","GRANTED",,"NO_VEHICLE",,"2025-07-16T10:55:08.918Z"
"6877850d50bf3081affe2751","9e84ce05","683be4831cd41fe74b91c583","GRANTED",,,,"2025-07-16T10:55:09.005Z"
"6877850d50bf3081affe2752","9e84ce05","683be4831cd41fe74b91c583","GRANTED",,,,"2025-07-16T10:55:09.141Z"
"6877850d50bf3081affe2753","9e84ce05","683be4831cd41fe74b91c583","GRANTED",,"NO_VEHICLE",,"2025-07-16T10:55:08.874Z"
"6877850d50bf3081affe2754","9e84ce05","683be4831cd41fe74b91c583","GRANTED",,"NO_VEHICLE",,"2025-07-16T10:55:08.874Z"
"6877852150bf3081affe2755","9e84ce05","683be4831cd41fe74b91c583","GRANTED",,"NO_VEHICLE",,"2025-07-16T10:55:29.238Z"
"6877852150bf3081affe2756","9e84ce05","683be4831cd41fe74b91c583","GRANTED",,"NO_VEHICLE",,"2025-07-16T10:55:29.310Z"
"6877852150bf3081affe2757","9e84ce05","683be4831cd41fe74b91c583","GRANTED",,"NO_VEHICLE",,"2025-07-16T10:55:29.311Z"
"6877852150bf3081affe275a","9e84ce05","683be4831cd41fe74b91c583","GRANTED",,"NO_VEHICLE",,"2025-07-16T10:55:29.394Z"
"6877852150bf3081affe275b","9e84ce05","683be4831cd41fe74b91c583","GRANTED",,"NO_VEHICLE",,"2025-07-16T10:55:29.394Z"
"6877852150bf3081affe2759","9e84ce05","683be4831cd41fe74b91c583","GRANTED",,"NO_VEHICLE",,"2025-07-16T10:55:29.394Z"
"6877852150bf3081affe2758","9e84ce05","683be4831cd41fe74b91c583","GRANTED",,"NO_VEHICLE",,"2025-07-16T10:55:29.393Z"
"6877852150bf3081affe275c","9e84ce05","683be4831cd41fe74b91c583","GRANTED",,"NO_VEHICLE",,"2025-07-16T10:55:29.394Z"
"6877852150bf3081affe275d","9e84ce05","683be4831cd41fe74b91c583","GRANTED",,"NO_VEHICLE",,"2025-07-16T10:55:29.394Z"
"6877852150bf3081affe275e","9e84ce05","683be4831cd41fe74b91c583","GRANTED",,"NO_VEHICLE",,"2025-07-16T10:55:29.436Z"
"6877852150bf3081affe2760","9e84ce05","683be4831cd41fe74b91c583","GRANTED",,,,"2025-07-16T10:55:29.628Z"
"6877852150bf3081affe275f","9e84ce05","683be4831cd41fe74b91c583","GRANTED",,,,"2025-07-16T10:55:29.627Z"
"6877896b50bf3081affe2761","9e84ce05","683be4831cd41fe74b91c583","GRANTED",,"NO_VEHICLE",,"2025-07-16T11:13:47.907Z"
"6877896b50bf3081affe2762","9e84ce05","683be4831cd41fe74b91c583","GRANTED",,"NO_VEHICLE",,"2025-07-16T11:13:47.907Z"
"6877896c50bf3081affe2763","9e84ce05","683be4831cd41fe74b91c583","GRANTED",,"NO_VEHICLE",,"2025-07-16T11:13:47.907Z"
"6877896c50bf3081affe2764","9e84ce05","683be4831cd41fe74b91c583","GRANTED",,"NO_VEHICLE",,"2025-07-16T11:13:48.048Z"
"6877896c50bf3081affe2765","9e84ce05","683be4831cd41fe74b91c583","GRANTED",,"NO_VEHICLE",,"2025-07-16T11:13:48.048Z"
"6877896c50bf3081affe2766","9e84ce05","683be4831cd41fe74b91c583","GRANTED",,"NO_VEHICLE",,"2025-07-16T11:13:47.907Z"
"6877896c50bf3081affe2767","9e84ce05","683be4831cd41fe74b91c583","GRANTED",,"NO_VEHICLE",,"2025-07-16T11:13:48.087Z"
"6877896c50bf3081affe2768","9e84ce05","683be4831cd41fe74b91c583","GRANTED",,"NO_VEHICLE",,"2025-07-16T11:13:48.227Z"
"6877896c50bf3081affe2769","9e84ce05","683be4831cd41fe74b91c583","GRANTED",,"NO_VEHICLE",,"2025-07-16T11:13:48.048Z"
"6877896c50bf3081affe276a","9e84ce05","683be4831cd41fe74b91c583","GRANTED",,"NO_VEHICLE",,"2025-07-16T11:13:48.048Z"
"6877896c50bf3081affe276b","9e84ce05","683be4831cd41fe74b91c583","GRANTED",,,,"2025-07-16T11:13:48.608Z"
"6877896c50bf3081affe276c","9e84ce05","683be4831cd41fe74b91c583","GRANTED",,,,"2025-07-16T11:13:48.811Z"
"68778d7750bf3081affe276d","9e84ce05","683be4831cd41fe74b91c583","GRANTED",,"NO_VEHICLE",,"2025-07-16T11:31:03.218Z"
"68778d7750bf3081affe276e","9e84ce05","683be4831cd41fe74b91c583","GRANTED",,"NO_VEHICLE",,"2025-07-16T11:31:03.393Z"
"68778d7750bf3081affe276f","9e84ce05","683be4831cd41fe74b91c583","GRANTED",,"NO_VEHICLE",,"2025-07-16T11:31:03.393Z"
"68778d7750bf3081affe2770","9e84ce05","683be4831cd41fe74b91c583","GRANTED",,"NO_VEHICLE",,"2025-07-16T11:31:03.393Z"
"68778d7750bf3081affe2771","9e84ce05","683be4831cd41fe74b91c583","GRANTED",,"NO_VEHICLE",,"2025-07-16T11:31:03.393Z"
"68778d7750bf3081affe2772","9e84ce05","683be4831cd41fe74b91c583","GRANTED",,"NO_VEHICLE",,"2025-07-16T11:31:03.138Z"
"68778d7750bf3081affe2773","9e84ce05","683be4831cd41fe74b91c583","GRANTED",,,,"2025-07-16T11:31:03.432Z"
"68778d7750bf3081affe2774","9e84ce05","683be4831cd41fe74b91c583","GRANTED",,"NO_VEHICLE",,"2025-07-16T11:31:03.138Z"
"68778d7750bf3081affe2775","9e84ce05","683be4831cd41fe74b91c583","GRANTED",,"NO_VEHICLE",,"2025-07-16T11:31:03.572Z"
"68778d7750bf3081affe2776","9e84ce05","683be4831cd41fe74b91c583","GRANTED",,"NO_VEHICLE",,"2025-07-16T11:31:03.394Z"
"68778d7850bf3081affe2777","9e84ce05","683be4831cd41fe74b91c583","GRANTED",,"NO_VEHICLE",,"2025-07-16T11:31:03.471Z"
"68778d7850bf3081affe2778","9e84ce05","683be4831cd41fe74b91c583","GRANTED",,,,"2025-07-16T11:31:04.103Z"
"68778d7850bf3081affe2779","9e84ce05","683be4831cd41fe74b91c583","GRANTED",,,,"2025-07-16T11:31:04.245Z"
"68778d7850bf3081affe277a","9e84ce05","683be4831cd41fe74b91c583","GRANTED",,,,"2025-07-16T11:31:04.308Z"
"68778d7850bf3081affe277b","9e84ce05","683be4831cd41fe74b91c583","GRANTED",,,,"2025-07-16T11:31:04.364Z"
"68778d8250bf3081affe277c","9e84ce05","683be4831cd41fe74b91c583","GRANTED",,,,"2025-07-16T11:31:14.861Z"
"68778d8350bf3081affe277d","9e84ce05","683be4831cd41fe74b91c583","GRANTED",,"NO_VEHICLE",,"2025-07-16T11:31:15.390Z"
"68778d8350bf3081affe277e","9e84ce05","683be4831cd41fe74b91c583","GRANTED",,"NO_VEHICLE",,"2025-07-16T11:31:15.564Z"
"68778d8350bf3081affe277f","9e84ce05","683be4831cd41fe74b91c583","GRANTED",,"NO_VEHICLE",,"2025-07-16T11:31:15.565Z"
"68778d8350bf3081affe2780","9e84ce05","683be4831cd41fe74b91c583","GRANTED",,"NO_VEHICLE",,"2025-07-16T11:31:15.566Z"
"68778d8350bf3081affe2782","9e84ce05","683be4831cd41fe74b91c583","GRANTED",,"NO_VEHICLE",,"2025-07-16T11:31:15.566Z"
"68778d8350bf3081affe2781","9e84ce05","683be4831cd41fe74b91c583","GRANTED",,"NO_VEHICLE",,"2025-07-16T11:31:15.566Z"
"68778d8350bf3081affe2783","9e84ce05","683be4831cd41fe74b91c583","GRANTED",,"NO_VEHICLE",,"2025-07-16T11:31:15.567Z"
"68778d8350bf3081affe2784","9e84ce05","683be4831cd41fe74b91c583","GRANTED",,"NO_VEHICLE",,"2025-07-16T11:31:15.603Z"
"68778d8350bf3081affe2785","9e84ce05","683be4831cd41fe74b91c583","GRANTED",,,,"2025-07-16T11:31:15.804Z"
"68778d8350bf3081affe2786","9e84ce05","683be4831cd41fe74b91c583","GRANTED",,"NO_VEHICLE",,"2025-07-16T11:31:15.567Z"
"68778d8350bf3081affe2787","9e84ce05","683be4831cd41fe74b91c583","GRANTED",,,,"2025-07-16T11:31:15.850Z"
"68778d8450bf3081affe2788","9e84ce05","683be4831cd41fe74b91c583","GRANTED",,,,"2025-07-16T11:31:16.079Z"
"68778d9f50bf3081affe2789","9e84ce05","683be4831cd41fe74b91c583","GRANTED",,,,"2025-07-16T11:31:43.998Z"
"68778d9f50bf3081affe278a","9e84ce05","683be4831cd41fe74b91c583","GRANTED",,"NO_VEHICLE",,"2025-07-16T11:31:43.999Z"
"68778da050bf3081affe278c","9e84ce05","683be4831cd41fe74b91c583","GRANTED",,"NO_VEHICLE",,"2025-07-16T11:31:44.588Z"
"68778da050bf3081affe278b","9e84ce05","683be4831cd41fe74b91c583","GRANTED",,"NO_VEHICLE",,"2025-07-16T11:31:44.586Z"
"68778da050bf3081affe278d","9e84ce05","683be4831cd41fe74b91c583","GRANTED",,"NO_VEHICLE",,"2025-07-16T11:31:44.589Z"
"68778da050bf3081affe278e","9e84ce05","683be4831cd41fe74b91c583","GRANTED",,"NO_VEHICLE",,"2025-07-16T11:31:44.590Z"
"68778da050bf3081affe2790","9e84ce05","683be4831cd41fe74b91c583","GRANTED",,"NO_VEHICLE",,"2025-07-16T11:31:44.669Z"
"68778da050bf3081affe278f","9e84ce05","683be4831cd41fe74b91c583","GRANTED",,"NO_VEHICLE",,"2025-07-16T11:31:44.669Z"
"68778da050bf3081affe2791","9e84ce05","683be4831cd41fe74b91c583","GRANTED",,"NO_VEHICLE",,"2025-07-16T11:31:44.670Z"
"68778da050bf3081affe2792","9e84ce05","683be4831cd41fe74b91c583","GRANTED",,"NO_VEHICLE",,"2025-07-16T11:31:44.716Z"
"68778da050bf3081affe2793","9e84ce05","683be4831cd41fe74b91c583","GRANTED",,,,"2025-07-16T11:31:44.818Z"
"68778da050bf3081affe2794","9e84ce05","683be4831cd41fe74b91c583","GRANTED",,,,"2025-07-16T11:31:44.905Z"
"68778da050bf3081affe2795","9e84ce05","683be4831cd41fe74b91c583","GRANTED",,,,"2025-07-16T11:31:44.912Z"
"68778eab50bf3081affe2796","9e84ce05","683be4831cd41fe74b91c583","GRANTED",,,,"2025-07-16T11:36:11.817Z"
"68778eac50bf3081affe2798","9e84ce05","683be4831cd41fe74b91c583","GRANTED",,"NO_VEHICLE",,"2025-07-16T11:36:12.537Z"
"68778eac50bf3081affe2797","9e84ce05","683be4831cd41fe74b91c583","GRANTED",,"NO_VEHICLE",,"2025-07-16T11:36:12.536Z"
"68778eac50bf3081affe279b","9e84ce05","683be4831cd41fe74b91c583","GRANTED",,"NO_VEHICLE",,"2025-07-16T11:36:12.752Z"
"68778eac50bf3081affe2799","9e84ce05","683be4831cd41fe74b91c583","GRANTED",,"NO_VEHICLE",,"2025-07-16T11:36:12.751Z"
"68778eac50bf3081affe279c","9e84ce05","683be4831cd41fe74b91c583","GRANTED",,"NO_VEHICLE",,"2025-07-16T11:36:12.752Z"
"68778eac50bf3081affe279a","9e84ce05","683be4831cd41fe74b91c583","GRANTED",,"NO_VEHICLE",,"2025-07-16T11:36:12.752Z"
"68778eac50bf3081affe279d","9e84ce05","683be4831cd41fe74b91c583","GRANTED",,"NO_VEHICLE",,"2025-07-16T11:36:12.858Z"
"68778eac50bf3081affe279e","9e84ce05","683be4831cd41fe74b91c583","GRANTED",,"NO_VEHICLE",,"2025-07-16T11:36:12.858Z"
"68778eac50bf3081affe279f","9e84ce05","683be4831cd41fe74b91c583","GRANTED",,"NO_VEHICLE",,"2025-07-16T11:36:12.858Z"
"68778eac50bf3081affe27a0","9e84ce05","683be4831cd41fe74b91c583","GRANTED",,"NO_VEHICLE",,"2025-07-16T11:36:12.954Z"
"68778eac50bf3081affe27a1","9e84ce05","683be4831cd41fe74b91c583","GRANTED",,"NO_VEHICLE",,"2025-07-16T11:36:12.956Z"
"68778ead50bf3081affe27a2","9e84ce05","683be4831cd41fe74b91c583","GRANTED",,"NO_VEHICLE",,"2025-07-16T11:36:13.008Z"
"68778ead50bf3081affe27a3","9e84ce05","683be4831cd41fe74b91c583","GRANTED",,,,"2025-07-16T11:36:13.054Z"
"68778ead50bf3081affe27a4","9e84ce05","683be4831cd41fe74b91c583","GRANTED",,,,"2025-07-16T11:36:13.123Z"
"68778ead50bf3081affe27a5","9e84ce05","683be4831cd41fe74b91c583","GRANTED",,,,"2025-07-16T11:36:13.140Z"
"68778ead50bf3081affe27a6","9e84ce05","683be4831cd41fe74b91c583","GRANTED",,"NO_VEHICLE",,"2025-07-16T11:36:12.857Z"
"68778ed350bf3081affe27a7","9e84ce05","683be4831cd41fe74b91c583","GRANTED",,,,"2025-07-16T11:36:51.081Z"
"68778ed350bf3081affe27a8","9e84ce05","683be4831cd41fe74b91c583","GRANTED",,"NO_VEHICLE",,"2025-07-16T11:36:51.591Z"
"68778ed350bf3081affe27ad","9e84ce05","683be4831cd41fe74b91c583","GRANTED",,"NO_VEHICLE",,"2025-07-16T11:36:51.673Z"
"68778ed350bf3081affe27ac","9e84ce05","683be4831cd41fe74b91c583","GRANTED",,"NO_VEHICLE",,"2025-07-16T11:36:51.673Z"
"68778ed350bf3081affe27ab","9e84ce05","683be4831cd41fe74b91c583","GRANTED",,"NO_VEHICLE",,"2025-07-16T11:36:51.673Z"
"68778ed350bf3081affe27a9","9e84ce05","683be4831cd41fe74b91c583","GRANTED",,"NO_VEHICLE",,"2025-07-16T11:36:51.673Z"
"68778ed350bf3081affe27aa","9e84ce05","683be4831cd41fe74b91c583","GRANTED",,"NO_VEHICLE",,"2025-07-16T11:36:51.673Z"
"68778ed350bf3081affe27ae","9e84ce05","683be4831cd41fe74b91c583","GRANTED",,"NO_VEHICLE",,"2025-07-16T11:36:51.755Z"
"68778ed350bf3081affe27af","9e84ce05","683be4831cd41fe74b91c583","GRANTED",,"NO_VEHICLE",,"2025-07-16T11:36:51.755Z"
"68778ed350bf3081affe27b0","9e84ce05","683be4831cd41fe74b91c583","GRANTED",,"NO_VEHICLE",,"2025-07-16T11:36:51.796Z"
"6877905050bf3081affe27b2","9e84ce05","683be4831cd41fe74b91c583","GRANTED",,"NO_VEHICLE",,"2025-07-16T11:43:11.748Z"
"6877905050bf3081affe27b3","9e84ce05","683be4831cd41fe74b91c583","GRANTED",,"NO_VEHICLE",,"2025-07-16T11:43:12.268Z"
"6877905050bf3081affe27b4","9e84ce05","683be4831cd41fe74b91c583","GRANTED",,"NO_VEHICLE",,"2025-07-16T11:43:12.356Z"
"6877905050bf3081affe27b5","9e84ce05","683be4831cd41fe74b91c583","GRANTED",,,,"2025-07-16T11:43:11.257Z"
"6877905050bf3081affe27b6","9e84ce05","683be4831cd41fe74b91c583","GRANTED",,"NO_VEHICLE",,"2025-07-16T11:43:12.408Z"
"6877905050bf3081affe27b7","9e84ce05","683be4831cd41fe74b91c583","GRANTED",,"NO_VEHICLE",,"2025-07-16T11:43:12.448Z"
"6877905050bf3081affe27b8","9e84ce05","683be4831cd41fe74b91c583","GRANTED",,"NO_VEHICLE",,"2025-07-16T11:43:12.478Z"
"6877905050bf3081affe27b9","9e84ce05","683be4831cd41fe74b91c583","GRANTED",,"NO_VEHICLE",,"2025-07-16T11:43:12.535Z"
"6877905050bf3081affe27ba","9e84ce05","683be4831cd41fe74b91c583","GRANTED",,"NO_VEHICLE",,"2025-07-16T11:43:12.312Z"
"6877905050bf3081affe27bb","9e84ce05","683be4831cd41fe74b91c583","GRANTED",,"NO_VEHICLE",,"2025-07-16T11:43:12.432Z"
"6877905050bf3081affe27bc","9e84ce05","683be4831cd41fe74b91c583","GRANTED",,,,"2025-07-16T11:43:12.994Z"
"6877905150bf3081affe27bd","9e84ce05","683be4831cd41fe74b91c583","GRANTED",,,,"2025-07-16T11:43:13.210Z"
"6877909c50bf3081affe27be","9e84ce05","683be4831cd41fe74b91c583","GRANTED",,,,"2025-07-16T11:44:28.411Z"
"6877909c50bf3081affe27bf","9e84ce05","683be4831cd41fe74b91c583","GRANTED",,"NO_VEHICLE",,"2025-07-16T11:44:28.940Z"
"6877909d50bf3081affe27c0","9e84ce05","683be4831cd41fe74b91c583","GRANTED",,"NO_VEHICLE",,"2025-07-16T11:44:29.014Z"
"6877909d50bf3081affe27c1","9e84ce05","683be4831cd41fe74b91c583","GRANTED",,"NO_VEHICLE",,"2025-07-16T11:44:29.096Z"
"6877909d50bf3081affe27c2","9e84ce05","683be4831cd41fe74b91c583","GRANTED",,"NO_VEHICLE",,"2025-07-16T11:44:29.097Z"
"6877909d50bf3081affe27c4","9e84ce05","683be4831cd41fe74b91c583","GRANTED",,"NO_VEHICLE",,"2025-07-16T11:44:29.178Z"
"6877909d50bf3081affe27c5","9e84ce05","683be4831cd41fe74b91c583","GRANTED",,"NO_VEHICLE",,"2025-07-16T11:44:29.178Z"
"6877909d50bf3081affe27c3","9e84ce05","683be4831cd41fe74b91c583","GRANTED",,"NO_VEHICLE",,"2025-07-16T11:44:29.178Z"
"6877909d50bf3081affe27c6","9e84ce05","683be4831cd41fe74b91c583","GRANTED",,"NO_VEHICLE",,"2025-07-16T11:44:29.179Z"
"6877909d50bf3081affe27c7","9e84ce05","683be4831cd41fe74b91c583","GRANTED",,"NO_VEHICLE",,"2025-07-16T11:44:29.230Z"
"6877909d50bf3081affe27c8","9e84ce05","683be4831cd41fe74b91c583","GRANTED",,"NO_VEHICLE",,"2025-07-16T11:44:29.180Z"
"687790a450bf3081affe27c9","9e84ce05","683be4831cd41fe74b91c583","GRANTED",,"NO_VEHICLE",,"2025-07-16T11:44:36.377Z"
"687790a450bf3081affe27ca","9e84ce05","683be4831cd41fe74b91c583","GRANTED",,,,"2025-07-16T11:44:36.377Z"
"687790a450bf3081affe27cc","9e84ce05","683be4831cd41fe74b91c583","GRANTED",,"NO_VEHICLE",,"2025-07-16T11:44:36.571Z"
"687790a450bf3081affe27cb","9e84ce05","683be4831cd41fe74b91c583","GRANTED",,"NO_VEHICLE",,"2025-07-16T11:44:36.570Z"
"687790a450bf3081affe27cd","9e84ce05","683be4831cd41fe74b91c583","GRANTED",,"NO_VEHICLE",,"2025-07-16T11:44:36.571Z"
"687790a450bf3081affe27ce","9e84ce05","683be4831cd41fe74b91c583","GRANTED",,"NO_VEHICLE",,"2025-07-16T11:44:36.654Z"
"687790a450bf3081affe27d0","9e84ce05","683be4831cd41fe74b91c583","GRANTED",,"NO_VEHICLE",,"2025-07-16T11:44:36.654Z"
"687790a450bf3081affe27cf","9e84ce05","683be4831cd41fe74b91c583","GRANTED",,"NO_VEHICLE",,"2025-07-16T11:44:36.654Z"
"687790a450bf3081affe27d1","9e84ce05","683be4831cd41fe74b91c583","GRANTED",,"NO_VEHICLE",,"2025-07-16T11:44:36.654Z"
"687790a450bf3081affe27d2","9e84ce05","683be4831cd41fe74b91c583","GRANTED",,"NO_VEHICLE",,"2025-07-16T11:44:36.655Z"
"687790a450bf3081affe27d3","9e84ce05","683be4831cd41fe74b91c583","GRANTED",,"NO_VEHICLE",,"2025-07-16T11:44:36.693Z"
"687790bd50bf3081affe27d4","9e84ce05","683be4831cd41fe74b91c583","GRANTED",,,,"2025-07-16T11:45:01.444Z"
"687790bd50bf3081affe27d5","9e84ce05","683be4831cd41fe74b91c583","GRANTED",,"NO_VEHICLE",,"2025-07-16T11:45:01.529Z"
"687790be50bf3081affe27d6","9e84ce05","683be4831cd41fe74b91c583","GRANTED",,"NO_VEHICLE",,"2025-07-16T11:45:02.289Z"
"687790be50bf3081affe27d7","9e84ce05","683be4831cd41fe74b91c583","GRANTED",,"NO_VEHICLE",,"2025-07-16T11:45:02.289Z"
"687790be50bf3081affe27db","9e84ce05","683be4831cd41fe74b91c583","GRANTED",,"NO_VEHICLE",,"2025-07-16T11:45:02.293Z"
"687790be50bf3081affe27d8","9e84ce05","683be4831cd41fe74b91c583","GRANTED",,"NO_VEHICLE",,"2025-07-16T11:45:02.290Z"
"687790be50bf3081affe27d9","9e84ce05","683be4831cd41fe74b91c583","GRANTED",,"NO_VEHICLE",,"2025-07-16T11:45:02.293Z"
"687790be50bf3081affe27dd","9e84ce05","683be4831cd41fe74b91c583","GRANTED",,"NO_VEHICLE",,"2025-07-16T11:45:02.293Z"
"687790be50bf3081affe27dc","9e84ce05","683be4831cd41fe74b91c583","GRANTED",,"NO_VEHICLE",,"2025-07-16T11:45:02.293Z"
"687790be50bf3081affe27da","9e84ce05","683be4831cd41fe74b91c583","GRANTED",,"NO_VEHICLE",,"2025-07-16T11:45:02.293Z"
"687790be50bf3081affe27de","9e84ce05","683be4831cd41fe74b91c583","GRANTED",,"NO_VEHICLE",,"2025-07-16T11:45:02.330Z"
"6877914150bf3081affe27df","9e84ce05","683be4831cd41fe74b91c583","GRANTED",,,,"2025-07-16T11:47:13.061Z"
"6877914150bf3081affe27e0","9e84ce05","683be4831cd41fe74b91c583","GRANTED",,"NO_VEHICLE",,"2025-07-16T11:47:13.062Z"
"6877914150bf3081affe27e1","9e84ce05","683be4831cd41fe74b91c583","GRANTED",,"NO_VEHICLE",,"2025-07-16T11:47:13.062Z"
"6877914150bf3081affe27e2","9e84ce05","683be4831cd41fe74b91c583","GRANTED",,"NO_VEHICLE",,"2025-07-16T11:47:13.720Z"
"6877914150bf3081affe27e3","9e84ce05","683be4831cd41fe74b91c583","GRANTED",,"NO_VEHICLE",,"2025-07-16T11:47:13.813Z"
"6877914150bf3081affe27e4","9e84ce05","683be4831cd41fe74b91c583","GRANTED",,"NO_VEHICLE",,"2025-07-16T11:47:13.816Z"
"6877914150bf3081affe27e5","9e84ce05","683be4831cd41fe74b91c583","GRANTED",,"NO_VEHICLE",,"2025-07-16T11:47:13.816Z"
"6877914150bf3081affe27e6","9e84ce05","683be4831cd41fe74b91c583","GRANTED",,"NO_VEHICLE",,"2025-07-16T11:47:13.925Z"
"6877914150bf3081affe27e7","9e84ce05","683be4831cd41fe74b91c583","GRANTED",,"NO_VEHICLE",,"2025-07-16T11:47:13.926Z"
"6877914150bf3081affe27e8","9e84ce05","683be4831cd41fe74b91c583","GRANTED",,"NO_VEHICLE",,"2025-07-16T11:47:13.926Z"
"6877914150bf3081affe27e9","9e84ce05","683be4831cd41fe74b91c583","GRANTED",,"NO_VEHICLE",,"2025-07-16T11:47:13.928Z"
"6877914150bf3081affe27ea","9e84ce05","683be4831cd41fe74b91c583","GRANTED",,"NO_VEHICLE",,"2025-07-16T11:47:13.966Z"
"6877b24450bf3081affe27eb","9e84ce05","683be4831cd41fe74b91c583","GRANTED",,"NO_VEHICLE",,"2025-07-16T14:08:04.735Z"
"6877b24450bf3081affe27ec","9e84ce05","683be4831cd41fe74b91c583","GRANTED",,,,"2025-07-16T14:08:04.281Z"
"6877b24450bf3081affe27ed","9e84ce05","683be4831cd41fe74b91c583","GRANTED",,"NO_VEHICLE",,"2025-07-16T14:08:04.815Z"
"6877b24450bf3081affe27ee","9e84ce05","683be4831cd41fe74b91c583","GRANTED",,"NO_VEHICLE",,"2025-07-16T14:08:04.816Z"
"6877b24450bf3081affe27ef","9e84ce05","683be4831cd41fe74b91c583","GRANTED",,"NO_VEHICLE",,"2025-07-16T14:08:04.817Z"
"6877b24450bf3081affe27f0","9e84ce05","683be4831cd41fe74b91c583","GRANTED",,"NO_VEHICLE",,"2025-07-16T14:08:04.665Z"
"6877b24450bf3081affe27f1","9e84ce05","683be4831cd41fe74b91c583","GRANTED",,"NO_VEHICLE",,"2025-07-16T14:08:04.817Z"
"6877b24450bf3081affe27f3","9e84ce05","683be4831cd41fe74b91c583","GRANTED",,"NO_VEHICLE",,"2025-07-16T14:08:04.819Z"
"6877b24450bf3081affe27f2","9e84ce05","683be4831cd41fe74b91c583","GRANTED",,,,"2025-07-16T14:08:04.818Z"
"6877b24550bf3081affe27f4","9e84ce05","683be4831cd41fe74b91c583","GRANTED",,"NO_VEHICLE",,"2025-07-16T14:08:04.817Z"
"6877b24550bf3081affe27f5","9e84ce05","683be4831cd41fe74b91c583","GRANTED",,"NO_VEHICLE",,"2025-07-16T14:08:05.156Z"
"6877b25150bf3081affe27f6","9e84ce05","683be4831cd41fe74b91c583","GRANTED",,,,"2025-07-16T14:08:17.891Z"
"6877b25150bf3081affe27f7","9e84ce05","683be4831cd41fe74b91c583","GRANTED",,"NO_VEHICLE",,"2025-07-16T14:08:17.998Z"
"6877b25250bf3081affe27f8","9e84ce05","683be4831cd41fe74b91c583","GRANTED",,"NO_VEHICLE",,"2025-07-16T14:08:18.698Z"
"6877b25250bf3081affe27fa","9e84ce05","683be4831cd41fe74b91c583","GRANTED",,"NO_VEHICLE",,"2025-07-16T14:08:18.700Z"
"6877b25250bf3081affe27fd","9e84ce05","683be4831cd41fe74b91c583","GRANTED",,"NO_VEHICLE",,"2025-07-16T14:08:18.701Z"
"6877b25250bf3081affe27fc","9e84ce05","683be4831cd41fe74b91c583","GRANTED",,"NO_VEHICLE",,"2025-07-16T14:08:18.701Z"
"6877b25250bf3081affe27f9","9e84ce05","683be4831cd41fe74b91c583","GRANTED",,"NO_VEHICLE",,"2025-07-16T14:08:18.699Z"
"6877b25250bf3081affe27fb","9e84ce05","683be4831cd41fe74b91c583","GRANTED",,"NO_VEHICLE",,"2025-07-16T14:08:18.700Z"
"6877b25250bf3081affe27fe","9e84ce05","683be4831cd41fe74b91c583","GRANTED",,"NO_VEHICLE",,"2025-07-16T14:08:18.742Z"
"6877b25250bf3081affe27ff","9e84ce05","683be4831cd41fe74b91c583","GRANTED",,"NO_VEHICLE",,"2025-07-16T14:08:18.701Z"
"6877b25250bf3081affe2800","9e84ce05","683be4831cd41fe74b91c583","GRANTED",,"NO_VEHICLE",,"2025-07-16T14:08:18.701Z"
"6877b4ff99dd59ae155ff0f1","9e84ce05","683be4831cd41fe74b91c583","GRANTED",,"NO_VEHICLE",,"2025-07-16T14:19:43.904Z"
"6877b57699dd59ae155ff0f2","9e84ce05","683be4831cd41fe74b91c583","GRANTED",,"NO_VEHICLE",,"2025-07-16T14:21:42.479Z"
"6877b57699dd59ae155ff0f3","9e84ce05","683be4831cd41fe74b91c583","GRANTED",,"NO_VEHICLE",,"2025-07-16T14:21:42.042Z"
"6877b57699dd59ae155ff0f4","9e84ce05","683be4831cd41fe74b91c583","GRANTED",,,,"2025-07-16T14:21:42.039Z"
"6877b57699dd59ae155ff0f5","9e84ce05","683be4831cd41fe74b91c583","GRANTED",,"NO_VEHICLE",,"2025-07-16T14:21:42.800Z"
"6877b57699dd59ae155ff0f6","9e84ce05","683be4831cd41fe74b91c583","GRANTED",,"NO_VEHICLE",,"2025-07-16T14:21:42.800Z"
"6877b57699dd59ae155ff0f7","9e84ce05","683be4831cd41fe74b91c583","GRANTED",,"NO_VEHICLE",,"2025-07-16T14:21:42.800Z"
"6877b57699dd59ae155ff0f8","9e84ce05","683be4831cd41fe74b91c583","GRANTED",,"NO_VEHICLE",,"2025-07-16T14:21:42.801Z"
"6877b57699dd59ae155ff0f9","9e84ce05","683be4831cd41fe74b91c583","GRANTED",,"NO_VEHICLE",,"2025-07-16T14:21:42.801Z"
"6877b57699dd59ae155ff0fa","9e84ce05","683be4831cd41fe74b91c583","GRANTED",,"NO_VEHICLE",,"2025-07-16T14:21:42.839Z"
"6877b57699dd59ae155ff0fb","9e84ce05","683be4831cd41fe74b91c583","GRANTED",,"NO_VEHICLE",,"2025-07-16T14:21:42.692Z"
"6877b57799dd59ae155ff0fc","9e84ce05","683be4831cd41fe74b91c583","GRANTED",,"NO_VEHICLE",,"2025-07-16T14:21:42.800Z"
"6877b5fd99dd59ae155ff0fd","9e84ce05","683be4831cd41fe74b91c583","GRANTED",,,,"2025-07-16T14:23:57.388Z"
"6877b5fd99dd59ae155ff0fe","9e84ce05","683be4831cd41fe74b91c583","GRANTED",,"NO_VEHICLE",,"2025-07-16T14:23:57.388Z"
"6877b5fd99dd59ae155ff0ff","9e84ce05","683be4831cd41fe74b91c583","GRANTED",,"NO_VEHICLE",,"2025-07-16T14:23:57.856Z"
"6877b5fd99dd59ae155ff100","9e84ce05","683be4831cd41fe74b91c583","GRANTED",,"NO_VEHICLE",,"2025-07-16T14:23:57.951Z"
"6877b5fe99dd59ae155ff101","9e84ce05","683be4831cd41fe74b91c583","GRANTED",,"NO_VEHICLE",,"2025-07-16T14:23:58.034Z"
"6877b5fe99dd59ae155ff103","9e84ce05","683be4831cd41fe74b91c583","GRANTED",,"NO_VEHICLE",,"2025-07-16T14:23:58.036Z"
"6877b5fe99dd59ae155ff102","9e84ce05","683be4831cd41fe74b91c583","GRANTED",,"NO_VEHICLE",,"2025-07-16T14:23:58.035Z"
"6877b5fe99dd59ae155ff104","9e84ce05","683be4831cd41fe74b91c583","GRANTED",,"NO_VEHICLE",,"2025-07-16T14:23:58.124Z"
"6877b5fe99dd59ae155ff106","9e84ce05","683be4831cd41fe74b91c583","GRANTED",,"NO_VEHICLE",,"2025-07-16T14:23:58.126Z"
"6877b5fe99dd59ae155ff105","9e84ce05","683be4831cd41fe74b91c583","GRANTED",,"NO_VEHICLE",,"2025-07-16T14:23:58.125Z"
"6877b5fe99dd59ae155ff107","9e84ce05","683be4831cd41fe74b91c583","GRANTED",,"NO_VEHICLE",,"2025-07-16T14:23:58.192Z"
"6877b63399dd59ae155ff108","9e84ce05","683be4831cd41fe74b91c583","GRANTED",,,,"2025-07-16T14:24:51.789Z"
"6877b63499dd59ae155ff109","9e84ce05","683be4831cd41fe74b91c583","GRANTED",,"NO_VEHICLE",,"2025-07-16T14:24:52.540Z"
"6877b63499dd59ae155ff10a","9e84ce05","683be4831cd41fe74b91c583","GRANTED",,"NO_VEHICLE",,"2025-07-16T14:24:52.639Z"
"6877b63499dd59ae155ff10c","9e84ce05","683be4831cd41fe74b91c583","GRANTED",,"NO_VEHICLE",,"2025-07-16T14:24:52.641Z"
"6877b63499dd59ae155ff10b","9e84ce05","683be4831cd41fe74b91c583","GRANTED",,"NO_VEHICLE",,"2025-07-16T14:24:52.641Z"
"6877b63499dd59ae155ff10d","9e84ce05","683be4831cd41fe74b91c583","GRANTED",,"NO_VEHICLE",,"2025-07-16T14:24:52.640Z"
"6877b63499dd59ae155ff110","9e84ce05","683be4831cd41fe74b91c583","GRANTED",,"NO_VEHICLE",,"2025-07-16T14:24:52.736Z"
"6877b63499dd59ae155ff10f","9e84ce05","683be4831cd41fe74b91c583","GRANTED",,"NO_VEHICLE",,"2025-07-16T14:24:52.736Z"
"6877b63499dd59ae155ff10e","9e84ce05","683be4831cd41fe74b91c583","GRANTED",,"NO_VEHICLE",,"2025-07-16T14:24:52.736Z"
"6877b63499dd59ae155ff111","9e84ce05","683be4831cd41fe74b91c583","GRANTED",,"NO_VEHICLE",,"2025-07-16T14:24:52.789Z"
"6877b63599dd59ae155ff112","9e84ce05","683be4831cd41fe74b91c583","GRANTED",,"NO_VEHICLE",,"2025-07-16T14:24:52.737Z"
"6877b64399dd59ae155ff113","9e84ce05","683be4831cd41fe74b91c583","GRANTED",,,,"2025-07-16T14:25:07.481Z"
"6877b64399dd59ae155ff117","9e84ce05","683be4831cd41fe74b91c583","GRANTED",,"NO_VEHICLE",,"2025-07-16T14:25:07.983Z"
"6877b64399dd59ae155ff118","9e84ce05","683be4831cd41fe74b91c583","GRANTED",,"NO_VEHICLE",,"2025-07-16T14:25:07.984Z"
"6877b64399dd59ae155ff114","9e84ce05","683be4831cd41fe74b91c583","GRANTED",,"NO_VEHICLE",,"2025-07-16T14:25:07.982Z"
"6877b64399dd59ae155ff119","9e84ce05","683be4831cd41fe74b91c583","GRANTED",,"NO_VEHICLE",,"2025-07-16T14:25:07.984Z"
"6877b64399dd59ae155ff116","9e84ce05","683be4831cd41fe74b91c583","GRANTED",,"NO_VEHICLE",,"2025-07-16T14:25:07.983Z"
"6877b64399dd59ae155ff115","9e84ce05","683be4831cd41fe74b91c583","GRANTED",,"NO_VEHICLE",,"2025-07-16T14:25:07.982Z"
"6877b64399dd59ae155ff11b","9e84ce05","683be4831cd41fe74b91c583","GRANTED",,"NO_VEHICLE",,"2025-07-16T14:25:07.985Z"
"6877b64399dd59ae155ff11a","9e84ce05","683be4831cd41fe74b91c583","GRANTED",,"NO_VEHICLE",,"2025-07-16T14:25:07.985Z"
"6877b64499dd59ae155ff11c","9e84ce05","683be4831cd41fe74b91c583","GRANTED",,"NO_VEHICLE",,"2025-07-16T14:25:08.025Z"
"6877b64499dd59ae155ff11d","9e84ce05","683be4831cd41fe74b91c583","GRANTED",,"NO_VEHICLE",,"2025-07-16T14:25:07.986Z"
"6877b70f99dd59ae155ff11e","9e84ce051",,"DENIED","UID tidak terdaftar","NO_VEHICLE",,"2025-07-16T14:28:31.579Z"
"6879390ba37619a8273a8655","9e84ce05","683be4831cd41fe74b91c583","GRANTED",,"NO_VEHICLE",,"2025-07-17T17:55:23.362Z"
"68793920a37619a8273a8656","9e84ce05","683be4831cd41fe74b91c583","GRANTED",,"NO_VEHICLE",,"2025-07-17T17:55:44.238Z"
"687939a9a37619a8273a8657","9e84ce05","683be4831cd41fe74b91c583","GRANTED",,"NO_VEHICLE",,"2025-07-17T17:58:01.566Z"
"687939bca37619a8273a8658","9e84ce05","683be4831cd41fe74b91c583","GRANTED",,"NO_VEHICLE",,"2025-07-17T17:58:20.973Z"
"687939e30538d8347413841a","9e84ce05","683be4831cd41fe74b91c583","GRANTED",,"NO_VEHICLE",,"2025-07-17T17:58:59.153Z"
"687939e80538d8347413841b","9e84ce05","683be4831cd41fe74b91c583","GRANTED",,"NO_VEHICLE",,"2025-07-17T17:59:04.567Z"
"68793a440538d8347413841c","9e84ce05","683be4831cd41fe74b91c583","GRANTED",,"NO_VEHICLE",,"2025-07-17T18:00:36.070Z"
"687a0c79e15369b0af5389aa","9e84ce05","683be4831cd41fe74b91c583","GRANTED",,,,"2025-07-18T08:57:29.510Z"
"687a0c79e15369b0af5389ab","9e84ce05","683be4831cd41fe74b91c583","GRANTED",,,,"2025-07-18T08:57:29.557Z"
"687a0c7de15369b0af5389ac","9e84ce05","683be4831cd41fe74b91c583","GRANTED",,,,"2025-07-18T08:57:33.228Z"
"687a0c7de15369b0af5389ad","9e84ce05","683be4831cd41fe74b91c583","GRANTED",,,,"2025-07-18T08:57:33.229Z"
"687a0c80e15369b0af5389ae","9e84ce05","683be4831cd41fe74b91c583","GRANTED",,"NO_VEHICLE",,"2025-07-18T08:57:36.651Z"
"687a0c80e15369b0af5389af","9e84ce05","683be4831cd41fe74b91c583","GRANTED",,"NO_VEHICLE",,"2025-07-18T08:57:36.687Z"
"687a0c98e15369b0af5389b0","9e84ce05","683be4831cd41fe74b91c583","GRANTED",,"NO_VEHICLE",,"2025-07-18T08:58:00.378Z"
"687a0c98e15369b0af5389b1","9e84ce05","683be4831cd41fe74b91c583","GRANTED",,"NO_VEHICLE",,"2025-07-18T08:58:00.414Z"
"687a10ade15369b0af5389b2","9e84ce05","683be4831cd41fe74b91c583","GRANTED",,,,"2025-07-18T09:15:25.283Z"
"687a10b3e15369b0af5389b3","9e84ce05","683be4831cd41fe74b91c583","GRANTED",,,,"2025-07-18T09:15:31.863Z"
"687a10b9e15369b0af5389b4","9e84ce05","683be4831cd41fe74b91c583","GRANTED",,"NO_VEHICLE",,"2025-07-18T09:15:37.837Z"
"687a10cae15369b0af5389b5","9e84ce05","683be4831cd41fe74b91c583","GRANTED",,"NO_VEHICLE",,"2025-07-18T09:15:54.176Z"
"687a10d4e15369b0af5389b6","9e84ce05","683be4831cd41fe74b91c583","GRANTED",,"NO_VEHICLE",,"2025-07-18T09:16:04.748Z"
"687a1308e15369b0af5389b7","9e84ce05","683be4831cd41fe74b91c583","GRANTED",,"NO_VEHICLE",,"2025-07-18T09:25:28.290Z"
"687a13e2e15369b0af5389b8","9e84ce05","683be4831cd41fe74b91c583","GRANTED",,"NO_VEHICLE",,"2025-07-18T09:29:06.751Z"
"687a14e6e15369b0af5389b9","9e84ce05","683be4831cd41fe74b91c583","GRANTED",,"NO_VEHICLE",,"2025-07-18T09:33:26.690Z"
"687a14e6e15369b0af5389ba","9e84ce05","683be4831cd41fe74b91c583","GRANTED",,"NO_VEHICLE",,"2025-07-18T09:33:26.652Z"
"687a14efe15369b0af5389bb","9e84ce05","683be4831cd41fe74b91c583","GRANTED",,,,"2025-07-18T09:33:35.456Z"
"687a14efe15369b0af5389bc","9e84ce05","683be4831cd41fe74b91c583","GRANTED",,,,"2025-07-18T09:33:35.461Z"
"687a14f7e15369b0af5389bd","9e84ce05","683be4831cd41fe74b91c583","GRANTED",,"NO_VEHICLE",,"2025-07-18T09:33:43.011Z"
"687a14f7e15369b0af5389be","9e84ce05","683be4831cd41fe74b91c583","GRANTED",,"NO_VEHICLE",,"2025-07-18T09:33:43.049Z"
"687a14fde15369b0af5389bf","9e84ce05","683be4831cd41fe74b91c583","GRANTED",,"NO_VEHICLE",,"2025-07-18T09:33:49.479Z"
"687a14fde15369b0af5389c0","9e84ce05","683be4831cd41fe74b91c583","GRANTED",,"NO_VEHICLE",,"2025-07-18T09:33:49.517Z"
"687a1516e15369b0af5389c1","9e84ce05","683be4831cd41fe74b91c583","GRANTED",,"NO_VEHICLE",,"2025-07-18T09:34:14.644Z"
"687a1524e15369b0af5389c2","9e84ce05","683be4831cd41fe74b91c583","GRANTED",,"NO_VEHICLE",,"2025-07-18T09:34:28.357Z"
"687a275be15369b0af5389c3","9e84ce05","683be4831cd41fe74b91c583","GRANTED",,"NO_VEHICLE",,"2025-07-18T10:52:11.120Z"
"687a275be15369b0af5389c4","9e84ce05","683be4831cd41fe74b91c583","GRANTED",,"NO_VEHICLE",,"2025-07-18T10:52:11.086Z"
"687a2761e15369b0af5389c5","9e84ce05","683be4831cd41fe74b91c583","GRANTED",,"NO_VEHICLE",,"2025-07-18T10:52:17.000Z"
"687a2761e15369b0af5389c6","9e84ce05","683be4831cd41fe74b91c583","GRANTED",,"NO_VEHICLE",,"2025-07-18T10:52:17.034Z"
"687a2788e15369b0af5389c7","9e84ce05","683be4831cd41fe74b91c583","GRANTED",,,,"2025-07-18T10:52:56.097Z"
"687a2788e15369b0af5389c8","9e84ce05","683be4831cd41fe74b91c583","GRANTED",,"NO_VEHICLE",,"2025-07-18T10:52:56.135Z"
"687a278ce15369b0af5389ca","9e84ce05","683be4831cd41fe74b91c583","GRANTED",,"NO_VEHICLE",,"2025-07-18T10:53:00.599Z"
"687a278ce15369b0af5389c9","9e84ce05","683be4831cd41fe74b91c583","GRANTED",,,,"2025-07-18T10:53:00.598Z"
"687a279fe15369b0af5389cb","9e84ce05","683be4831cd41fe74b91c583","GRANTED",,"NO_VEHICLE",,"2025-07-18T10:53:19.401Z"
"687a279fe15369b0af5389cc","9e84ce05","683be4831cd41fe74b91c583","GRANTED",,,,"2025-07-18T10:53:19.403Z"
"687a27e4e15369b0af5389cd","9e84ce05","683be4831cd41fe74b91c583","GRANTED",,"NO_VEHICLE",,"2025-07-18T10:54:28.060Z"
"687a27e4e15369b0af5389ce","9e84ce05","683be4831cd41fe74b91c583","GRANTED",,,,"2025-07-18T10:54:28.060Z"
"687a2cbdecdeba349d16154d","9e84ce05","683be4831cd41fe74b91c583","GRANTED",,"NO_VEHICLE",,"2025-07-18T11:15:09.131Z"
"687a2cbdecdeba349d16154e","9e84ce05","683be4831cd41fe74b91c583","GRANTED",,,,"2025-07-18T11:15:09.309Z"
"687a30f34a87ccc7faf1a4e8","9e84ce05","683be4831cd41fe74b91c583","GRANTED",,,,"2025-07-18T11:33:07.366Z"
"687a30fd4a87ccc7faf1a4e9","9e84ce05","683be4831cd41fe74b91c583","GRANTED",,,,"2025-07-18T11:33:17.494Z"
"687a325f39f4a0bbe664d366","9e84ce05","683be4831cd41fe74b91c583","GRANTED",,"NO_VEHICLE",,"2025-07-18T11:39:11.825Z"
"687a326539f4a0bbe664d367","9e84ce05","683be4831cd41fe74b91c583","GRANTED",,"NO_VEHICLE",,"2025-07-18T11:39:17.476Z"
"687a326939f4a0bbe664d368","9e84ce05","683be4831cd41fe74b91c583","GRANTED",,"NO_VEHICLE",,"2025-07-18T11:39:21.799Z"
"687a327039f4a0bbe664d369","9e84ce05","683be4831cd41fe74b91c583","GRANTED",,"NO_VEHICLE",,"2025-07-18T11:39:28.498Z"
"687a327b39f4a0bbe664d36a","9e84ce05","683be4831cd41fe74b91c583","GRANTED",,"NO_VEHICLE",,"2025-07-18T11:39:39.918Z"
"687a328139f4a0bbe664d36b","9e84ce05","683be4831cd41fe74b91c583","GRANTED",,"NO_VEHICLE",,"2025-07-18T11:39:45.875Z"
"687a32cc39f4a0bbe664d36c","9e84ce05","683be4831cd41fe74b91c583","GRANTED",,"NO_VEHICLE",,"2025-07-18T11:41:00.001Z"
"687a338ce6cf77e7b813bff4","9e84ce05","683be4831cd41fe74b91c583","GRANTED",,"NO_VEHICLE",,"2025-07-18T11:44:12.149Z"
"687a3394e6cf77e7b813bff5","9e84ce05","683be4831cd41fe74b91c583","GRANTED",,"NO_VEHICLE",,"2025-07-18T11:44:20.653Z"
"687a33aae6cf77e7b813bff6","9e84ce05","683be4831cd41fe74b91c583","GRANTED",,"NO_VEHICLE",,"2025-07-18T11:44:42.718Z"
"687a349b02ebf9458cd77158","9e84ce05","683be4831cd41fe74b91c583","GRANTED",,"NO_VEHICLE",,"2025-07-18T11:48:43.925Z"
"687a34b602ebf9458cd77159","9e84ce05","683be4831cd41fe74b91c583","GRANTED",,"NO_VEHICLE",,"2025-07-18T11:49:10.884Z"
"687a34c302ebf9458cd7715a","9e84ce05","683be4831cd41fe74b91c583","GRANTED",,"NO_VEHICLE",,"2025-07-18T11:49:23.344Z"
"687a34ca02ebf9458cd7715b","9e84ce05","683be4831cd41fe74b91c583","GRANTED",,"NO_VEHICLE",,"2025-07-18T11:49:30.949Z"
"687a34e702ebf9458cd7715c","9e84ce05","683be4831cd41fe74b91c583","GRANTED",,"NO_VEHICLE",,"2025-07-18T11:49:59.474Z"
"687a3551415dcf5378ad06ac","9e84ce05","683be4831cd41fe74b91c583","GRANTED",,"NO_VEHICLE",,"2025-07-18T11:51:45.391Z"
"687a355a415dcf5378ad06ad","9e84ce05","683be4831cd41fe74b91c583","GRANTED",,"NO_VEHICLE",,"2025-07-18T11:51:54.759Z"
"687a358f01a9c66f48b088f7","9e84ce05","683be4831cd41fe74b91c583","GRANTED",,"NO_VEHICLE",,"2025-07-18T11:52:47.694Z"
"687a364e01a9c66f48b088f8","9e84ce05","683be4831cd41fe74b91c583","GRANTED",,"NO_VEHICLE",,"2025-07-18T11:55:58.036Z"
"687a365001a9c66f48b088f9","9e84ce05","683be4831cd41fe74b91c583","GRANTED",,"NO_VEHICLE",,"2025-07-18T11:56:00.885Z"
"687a366301a9c66f48b088fa","9e84ce05","683be4831cd41fe74b91c583","GRANTED",,"NO_VEHICLE",,"2025-07-18T11:56:19.852Z"
"687a374101a9c66f48b088fb","9e84ce05","683be4831cd41fe74b91c583","GRANTED",,"NO_VEHICLE",,"2025-07-18T12:00:01.010Z"
"687a376101a9c66f48b088fc","9e84ce05","683be4831cd41fe74b91c583","GRANTED",,"NO_VEHICLE",,"2025-07-18T12:00:33.617Z"
"687a376a01a9c66f48b088fd","9e84ce05","683be4831cd41fe74b91c583","GRANTED",,"NO_VEHICLE",,"2025-07-18T12:00:42.942Z"
"687a391801a9c66f48b088fe","9e84ce05","683be4831cd41fe74b91c583","GRANTED",,"NO_VEHICLE",,"2025-07-18T12:07:52.893Z"
"687a392301a9c66f48b088ff","9e84ce05","683be4831cd41fe74b91c583","GRANTED",,"NO_VEHICLE",,"2025-07-18T12:08:03.550Z"
"687a395301a9c66f48b08900","9e84ce05","683be4831cd41fe74b91c583","GRANTED",,"NO_VEHICLE",,"2025-07-18T12:08:51.352Z"
"687a395a01a9c66f48b08901","9e84ce05","683be4831cd41fe74b91c583","GRANTED",,"NO_VEHICLE",,"2025-07-18T12:08:58.601Z"
"687a61d522766beb75425476","9e84ce05","683be4831cd41fe74b91c583","GRANTED",,"NO_VEHICLE",,"2025-07-18T15:01:41.678Z"
"687a676c22766beb75425477","4e2549c5",,"DENIED","UID tidak terdaftar","NO_VEHICLE",,"2025-07-18T15:25:32.625Z"
"687a677422766beb75425478","4e2549c5",,"DENIED","UID tidak terdaftar",,,"2025-07-18T15:25:40.540Z"
"687a677e22766beb75425479","4e2549c5",,"DENIED","UID tidak terdaftar",,,"2025-07-18T15:25:50.999Z"
"687a678422766beb7542547a","4e2549c5",,"DENIED","UID tidak terdaftar",,,"2025-07-18T15:25:56.156Z"
"687a687522766beb7542547b","4e2549c5",,"DENIED","UID tidak terdaftar",,,"2025-07-18T15:29:57.928Z"
"687a687c22766beb7542547c","4e2549c5",,"DENIED","UID tidak terdaftar","NO_VEHICLE",,"2025-07-18T15:30:04.092Z"
"687a688422766beb7542547d","4e2549c5",,"DENIED","UID tidak terdaftar","NO_VEHICLE",,"2025-07-18T15:30:12.043Z"
"687a690822766beb7542547e","9e84ce05","683be4831cd41fe74b91c583","GRANTED",,"NO_VEHICLE",,"2025-07-18T15:32:24.815Z"
"687a691122766beb7542547f","4e2549c5",,"DENIED","UID tidak terdaftar","NO_VEHICLE",,"2025-07-18T15:32:33.142Z"
"687a692e22766beb75425480","6b403c0344","684550056f376f81ce220ff1","DENIED","User tidak aktif","NO_VEHICLE",,"2025-07-18T15:33:02.044Z"
"687a694a3cd6c40a13712e9d","6b403c0344","684550056f376f81ce220ff1","DENIED","User tidak aktif","NO_VEHICLE",,"2025-07-18T15:33:30.291Z"
"687a69563cd6c40a13712e9e","6b403c0344","684550056f376f81ce220ff1","DENIED","User tidak aktif","NO_VEHICLE",,"2025-07-18T15:33:42.985Z"
"687a69993cd6c40a13712e9f","4e2549c5",,"DENIED","UID tidak terdaftar","NO_VEHICLE",,"2025-07-18T15:34:49.372Z"
"687a69b73cd6c40a13712ea0","4e2549c5",,"DENIED","UID tidak terdaftar","NO_VEHICLE",,"2025-07-18T15:35:19.108Z"
"687a69ba262e0c30b7a9d7b9","4e2549c5",,"DENIED","UID tidak terdaftar",,,"2025-07-18T15:35:22.124Z"
"687a69bd262e0c30b7a9d7ba","4e2549c5",,"DENIED","UID tidak terdaftar","NO_VEHICLE",,"2025-07-18T15:35:25.275Z"
"687a69dc01e2d9936c3f2a09","4e2549c5",,"DENIED","UID tidak terdaftar","NO_VEHICLE",,"2025-07-18T15:35:56.253Z"
"687a69e101e2d9936c3f2a0a","4e2549c5",,"DENIED","UID tidak terdaftar","NO_VEHICLE",,"2025-07-18T15:36:01.386Z"
"687a6aac8a0d1d9d754c4d3c","4e2549c5",,"DENIED","UID tidak terdaftar","NO_VEHICLE",,"2025-07-18T15:39:24.703Z"
"687a6ab18a0d1d9d754c4d3d","4e2549c5",,"DENIED","UID tidak terdaftar","NO_VEHICLE",,"2025-07-18T15:39:29.579Z"
"687a6ab68a0d1d9d754c4d3e","4e2549c5",,"DENIED","UID tidak terdaftar","NO_VEHICLE",,"2025-07-18T15:39:34.543Z"
"687a6ad40f9b6db0b609118b","4e2549c5",,"DENIED","UID tidak terdaftar","NO_VEHICLE",,"2025-07-18T15:40:04.829Z"
"687a6b8d0f9b6db0b609118c","4e2549c5",,"DENIED","UID tidak terdaftar","NO_VEHICLE",,"2025-07-18T15:43:09.382Z"
"687a6c560f9b6db0b609118d","4e2549c5",,"DENIED","UID tidak terdaftar","NO_VEHICLE",,"2025-07-18T15:46:30.537Z"
"687a6c71963ed4e70411b7d9","4e2549c5",,"DENIED","UID tidak terdaftar","NO_VEHICLE",,"2025-07-18T15:46:57.920Z"
"687a6c71963ed4e70411b7d8","4e2549c5",,"DENIED","UID tidak terdaftar","NO_VEHICLE",,"2025-07-18T15:46:57.920Z"
"687a6c71963ed4e70411b7da","4e2549c5",,"DENIED","UID tidak terdaftar","NO_VEHICLE",,"2025-07-18T15:46:57.922Z"
"687a6c71963ed4e70411b7db","4e2549c5",,"DENIED","UID tidak terdaftar","NO_VEHICLE",,"2025-07-18T15:46:57.956Z"
"687a6c72963ed4e70411b7dc","4e2549c5",,"DENIED","UID tidak terdaftar","NO_VEHICLE",,"2025-07-18T15:46:57.921Z"
"687a6c72963ed4e70411b7dd","4e2549c5",,"DENIED","UID tidak terdaftar","NO_VEHICLE",,"2025-07-18T15:46:57.921Z"
"687a6c7b963ed4e70411b7e0","4e2549c5",,"DENIED","UID tidak terdaftar","NO_VEHICLE",,"2025-07-18T15:47:07.563Z"
"687a6c7b963ed4e70411b7e1","4e2549c5",,"DENIED","UID tidak terdaftar","NO_VEHICLE",,"2025-07-18T15:47:07.563Z"
"687a6c7b963ed4e70411b7df","4e2549c5",,"DENIED","UID tidak terdaftar",,,"2025-07-18T15:47:07.563Z"
"687a6c7b963ed4e70411b7de","4e2549c5",,"DENIED","UID tidak terdaftar","NO_VEHICLE",,"2025-07-18T15:47:07.562Z"
"687a6c7b963ed4e70411b7e2","4e2549c5",,"DENIED","UID tidak terdaftar","NO_VEHICLE",,"2025-07-18T15:47:07.597Z"
"687a6c7b963ed4e70411b7e3","4e2549c5",,"DENIED","UID tidak terdaftar","NO_VEHICLE",,"2025-07-18T15:47:07.563Z"
"687a6c8b963ed4e70411b7e4","4e2549c5",,"DENIED","UID tidak terdaftar","NO_VEHICLE",,"2025-07-18T15:47:23.625Z"
"687a6c8b963ed4e70411b7e5","4e2549c5",,"DENIED","UID tidak terdaftar","NO_VEHICLE",,"2025-07-18T15:47:23.880Z"
"687a6c8b963ed4e70411b7e6","4e2549c5",,"DENIED","UID tidak terdaftar","NO_VEHICLE",,"2025-07-18T15:47:23.881Z"
"687a6c8b963ed4e70411b7e7","4e2549c5",,"DENIED","UID tidak terdaftar","NO_VEHICLE",,"2025-07-18T15:47:23.882Z"
"687a6c8b963ed4e70411b7e8","4e2549c5",,"DENIED","UID tidak terdaftar","NO_VEHICLE",,"2025-07-18T15:47:23.882Z"
"687a6c8b963ed4e70411b7e9","4e2549c5",,"DENIED","UID tidak terdaftar","NO_VEHICLE",,"2025-07-18T15:47:23.914Z"
"687a6c92963ed4e70411b7ea","4e2549c5",,"DENIED","UID tidak terdaftar","NO_VEHICLE",,"2025-07-18T15:47:30.147Z"
"687a6c92963ed4e70411b7eb","4e2549c5",,"DENIED","UID tidak terdaftar","NO_VEHICLE",,"2025-07-18T15:47:30.405Z"
"687a6c92963ed4e70411b7ec","4e2549c5",,"DENIED","UID tidak terdaftar","NO_VEHICLE",,"2025-07-18T15:47:30.405Z"
"687a6c92963ed4e70411b7ee","4e2549c5",,"DENIED","UID tidak terdaftar","NO_VEHICLE",,"2025-07-18T15:47:30.406Z"
"687a6c92963ed4e70411b7ed","4e2549c5",,"DENIED","UID tidak terdaftar","NO_VEHICLE",,"2025-07-18T15:47:30.406Z"
"687a6c92963ed4e70411b7ef","4e2549c5",,"DENIED","UID tidak terdaftar","NO_VEHICLE",,"2025-07-18T15:47:30.440Z"
"687a6ca296ba867fb7e0ede5","4e2549c5",,"DENIED","UID tidak terdaftar","NO_VEHICLE",,"2025-07-18T15:47:46.687Z"
"687b026e38acb206db3f750e","4e2549c5",,"DENIED","UID tidak terdaftar",,,"2025-07-19T02:26:54.884Z"
"687b027d38acb206db3f750f","4e2549c5",,"DENIED","UID tidak terdaftar","NO_VEHICLE",,"2025-07-19T02:27:09.487Z"
"687b3a8ef00a399ffc434457","4e2549c5",,"DENIED","UID tidak terdaftar",,,"2025-07-19T06:26:22.256Z"
"687b3a9bf00a399ffc434458","4e2549c5",,"DENIED","UID tidak terdaftar","NO_VEHICLE",,"2025-07-19T06:26:35.955Z"
"687b3aacf00a399ffc434459","4e2549c5",,"DENIED","UID tidak terdaftar","NO_VEHICLE",,"2025-07-19T06:26:52.748Z"
"687b3b98f00a399ffc43445a","c4df4202","683be4a11cd41fe74b91c584","DENIED","User tidak aktif","NO_VEHICLE",,"2025-07-19T06:30:48.755Z"
"687b3ba7f00a399ffc43445b","c4df4202","683be4a11cd41fe74b91c584","DENIED","User tidak aktif","NO_VEHICLE",,"2025-07-19T06:31:03.753Z"
"687b3bcaf00a399ffc43445c","9e84ce05","683be4831cd41fe74b91c583","GRANTED",,"NO_VEHICLE",,"2025-07-19T06:31:38.234Z"
"687b3bd4f00a399ffc43445d","9e84ce05","683be4831cd41fe74b91c583","GRANTED",,"NO_VEHICLE",,"2025-07-19T06:31:48.541Z"
"687b3bdcf00a399ffc43445e","9e84ce05","683be4831cd41fe74b91c583","GRANTED",,"NO_VEHICLE",,"2025-07-19T06:31:56.737Z"
"687b3beff00a399ffc43445f","4e2549c5",,"DENIED","UID tidak terdaftar","NO_VEHICLE",,"2025-07-19T06:32:15.806Z"
"687b3bf9f00a399ffc434460","4e2549c5",,"DENIED","UID tidak terdaftar","NO_VEHICLE",,"2025-07-19T06:32:25.148Z"
"687b3bfcf00a399ffc434461","9e84ce05","683be4831cd41fe74b91c583","GRANTED",,"NO_VEHICLE",,"2025-07-19T06:32:28.944Z"
"687b559bf00a399ffc434462","9e84ce05","683be4831cd41fe74b91c583","GRANTED",,"NO_VEHICLE",,"2025-07-19T08:21:47.718Z"
"687b960f8165a94e2b513da0","4e2549c5",,"DENIED","UID tidak terdaftar","NO_VEHICLE",,"2025-07-19T12:56:47.185Z"
"68830a91dc56fbfe39314ebd","9e84ce05","683be4831cd41fe74b91c583","GRANTED",,,,"2025-07-25T04:39:45.295Z"
"68830a95dc56fbfe39314ebe","9e84ce05","683be4831cd41fe74b91c583","GRANTED",,,,"2025-07-25T04:39:49.017Z"
"68830aa7dc56fbfe39314ebf","6b403c02","683d1ac36fae55f399ce5f19","DENIED","User tidak aktif","NO_VEHICLE",,"2025-07-25T04:40:07.191Z"
"68830aabdc56fbfe39314ec0","6b403c02","683d1ac36fae55f399ce5f19","DENIED","User tidak aktif","NO_VEHICLE",,"2025-07-25T04:40:11.089Z"
"68830aafdc56fbfe39314ec1","6b403c02","683d1ac36fae55f399ce5f19","DENIED","User tidak aktif","NO_VEHICLE",,"2025-07-25T04:40:15.500Z"
"68830ab5dc56fbfe39314ec2","9e84ce05","683be4831cd41fe74b91c583","GRANTED",,"NO_VEHICLE",,"2025-07-25T04:40:21.099Z"
"68830ac6dc56fbfe39314ec3","4e2549c5",,"DENIED","UID tidak terdaftar","NO_VEHICLE",,"2025-07-25T04:40:38.873Z"
"68830ae9dc56fbfe39314ec5","4e2549c5","68830adddc56fbfe39314ec4","DENIED","User tidak aktif","NO_VEHICLE",,"2025-07-25T04:41:13.279Z"
"68830af9dc56fbfe39314ec6","4e2549c5","68830adddc56fbfe39314ec4","GRANTED",,"NO_VEHICLE",,"2025-07-25T04:41:29.083Z"
"68830b24dc56fbfe39314ec7","4e2549c5","68830adddc56fbfe39314ec4","GRANTED",,"BIKE",,"2025-07-25T04:42:12.075Z"
"68830b4cdc56fbfe39314ec8","4e2549c5","68830adddc56fbfe39314ec4","GRANTED",,"CAR",,"2025-07-25T04:42:52.249Z"
"68830b5adc56fbfe39314ec9","4e2549c5","68830adddc56fbfe39314ec4","GRANTED",,"NO_VEHICLE",,"2025-07-25T04:43:06.480Z"
"68830b63dc56fbfe39314eca","4e2549c5","68830adddc56fbfe39314ec4","GRANTED",,"NO_VEHICLE",,"2025-07-25T04:43:15.878Z"
"68830d6adc56fbfe39314ecb","9e84ce05","683be4831cd41fe74b91c583","GRANTED",,"NO_VEHICLE",,"2025-07-25T04:51:54.895Z"
"68830d7ddc56fbfe39314ecc","4e2549c5","68830adddc56fbfe39314ec4","GRANTED",,"NO_VEHICLE",,"2025-07-25T04:52:13.710Z"
"68831722dc56fbfe39314ecd","9e84ce05","683be4831cd41fe74b91c583","GRANTED",,"NO_VEHICLE",,"2025-07-25T05:33:22.548Z"
"6883173adc56fbfe39314ece","08431b0e",,"DENIED","UID tidak terdaftar","NO_VEHICLE",,"2025-07-25T05:33:46.027Z"
"6883173fdc56fbfe39314ecf","0887f31c",,"DENIED","UID tidak terdaftar","NO_VEHICLE",,"2025-07-25T05:33:51.428Z"
"6883176cdc56fbfe39314ed0","02108555844000",,"DENIED","UID tidak terdaftar","NO_VEHICLE",,"2025-07-25T05:34:36.841Z"
"6883179cdc56fbfe39314ed2","02108555844000","68831795dc56fbfe39314ed1","GRANTED",,"NO_VEHICLE",,"2025-07-25T05:35:24.198Z"
"688317d6dc56fbfe39314ed3","0586731f40d100",,"DENIED","UID tidak terdaftar","NO_VEHICLE",,"2025-07-25T05:36:22.671Z"
"688317f1dc56fbfe39314ed5","0586731f40d100","688317ebdc56fbfe39314ed4","GRANTED",,"NO_VEHICLE",,"2025-07-25T05:36:49.225Z"
"68833f1e43ca36b70f60b91b","9e84ce051",,"DENIED","UID tidak terdaftar","NO_VEHICLE",,"2025-07-25T08:23:58.615Z"
"68834206836c998411c1c4a4","9e84ce051",,"DENIED","UID tidak terdaftar","NO_VEHICLE",,"2025-07-25T08:36:22.826Z"
"688b9aea5e5117423d7f68d3","9e84ce051",,"DENIED","UID tidak terdaftar","NO_VEHICLE",,"2025-07-31T16:33:46.193Z"
"688f1409e215a2a49e55a133","9e84ce051",,"DENIED","UID tidak terdaftar","NO_VEHICLE",,"2025-08-03T07:47:21.355Z"
"688f14c0e215a2a49e55a134","0586731f40d100","688317ebdc56fbfe39314ed4","DENIED","Nomor plat tidak terdaftar untuk user ini","BIKE","DK 5568 PS","2025-08-03T07:50:24.638Z"
"688f14efe215a2a49e55a135","testadminuid","6875dc35479aa7f40aa3a08b","DENIED","Nomor plat tidak terdaftar untuk user ini","BIKE","DK 5568 PS","2025-08-03T07:51:11.718Z"
"688f151ce215a2a49e55a136","testadminuids",,"DENIED","UID tidak terdaftar","BIKE","DK 5568 PS","2025-08-03T07:51:56.264Z"
"688f1c98225af3772177ae32","dsudsadsdsds",,"GRANTED",,"BIKE","DK 5568 PS","2025-08-03T08:23:52.998Z"
"68909912494ea7f40e5a45f5","4e2549c5","68830adddc56fbfe39314ec4","GRANTED",,"NO_VEHICLE",,"2025-08-04T11:27:14.685Z"
"6890995d494ea7f40e5a45f6","dsudsadsdsds",,"GRANTED",,"NO_VEHICLE",,"2025-08-04T11:28:29.987Z"
"6890999c494ea7f40e5a45f7","dsudsadsdsds",,"GRANTED",,"BIKE","DK 5568 PS","2025-08-04T11:29:32.127Z"
"68909a19494ea7f40e5a45f8","4e2549c5","68830adddc56fbfe39314ec4","GRANTED",,"NO_VEHICLE",,"2025-08-04T11:31:37.094Z"
"68909a69494ea7f40e5a45f9","4e2549c5","68830adddc56fbfe39314ec4","DENIED","Nomor plat tidak terdeteksi","CAR",,"2025-08-04T11:32:57.221Z"
"68909a8a494ea7f40e5a45fa","4e2549c5","68830adddc56fbfe39314ec4","DENIED","Nomor plat tidak terdeteksi","CAR",,"2025-08-04T11:33:30.153Z"
"68909a9e494ea7f40e5a45fb","4e2549c5","68830adddc56fbfe39314ec4","DENIED","Nomor plat tidak terdaftar untuk user ini","CAR","KX1234ABL","2025-08-04T11:33:50.958Z"
"68909ad1494ea7f40e5a45fc","4e2549c5","68830adddc56fbfe39314ec4","DENIED","Nomor plat tidak terdaftar untuk user ini","CAR","KXA234ABC","2025-08-04T11:34:41.862Z"
"68909b1a494ea7f40e5a45fd","4e2549c5","68830adddc56fbfe39314ec4","GRANTED",,"NO_VEHICLE",,"2025-08-04T11:35:54.775Z"
"68909b38494ea7f40e5a45fe","4e2549c5","68830adddc56fbfe39314ec4","DENIED","Nomor plat tidak terdaftar untuk user ini","BIKE","OK 1234 AAA","2025-08-04T11:36:24.393Z"
"68909b6e494ea7f40e5a45ff","4e2549c5","68830adddc56fbfe39314ec4","DENIED","Nomor plat tidak terdaftar untuk user ini","BIKE","DK 5568","2025-08-04T11:37:18.435Z"
"68909b8d494ea7f40e5a4600","4e2549c5","68830adddc56fbfe39314ec4","DENIED","Nomor plat tidak terdaftar untuk user ini","BIKE","DK 5568 P","2025-08-04T11:37:49.179Z"
"68909baf494ea7f40e5a4601","4e2549c5","68830adddc56fbfe39314ec4","DENIED","Nomor plat tidak terdaftar untuk user ini","BIKE","DK 5568 P","2025-08-04T11:38:23.830Z"
"68909c00494ea7f40e5a4602","4e2549c5","68830adddc56fbfe39314ec4","DENIED","Nomor plat tidak terdaftar untuk user ini","BIKE","DK 5568 P","2025-08-04T11:39:44.615Z"
"68909c4b494ea7f40e5a4603","4e2549c5","68830adddc56fbfe39314ec4","DENIED","Nomor plat tidak terdaftar untuk user ini","BIKE","DK 6715 PX","2025-08-04T11:40:59.590Z"
"68909d19494ea7f40e5a4604","4e2549c5","68830adddc56fbfe39314ec4","GRANTED",,"NO_VEHICLE",,"2025-08-04T11:44:25.708Z"
"68909d32494ea7f40e5a4605","4e2549c5","68830adddc56fbfe39314ec4","DENIED","Nomor plat tidak terdaftar untuk user ini","BIKE","DKGEC9 UED","2025-08-04T11:44:50.195Z"
"68909d56494ea7f40e5a4606","4e2549c5","68830adddc56fbfe39314ec4","DENIED","Nomor plat tidak terdaftar untuk user ini","BIKE","DK BM ""5360,","2025-08-04T11:45:26.091Z"
"68909d73494ea7f40e5a4607","4e2549c5","68830adddc56fbfe39314ec4","DENIED","Nomor plat tidak terdaftar untuk user ini","BIKE","(OK BM 5368,","2025-08-04T11:45:55.602Z"
"68909db8494ea7f40e5a4608","4e2549c5","68830adddc56fbfe39314ec4","DENIED","Nomor plat tidak terdaftar untuk user ini","BIKE","DK 5368, BP}","2025-08-04T11:47:04.406Z"
"68909e28494ea7f40e5a4609","4e2549c5","68830adddc56fbfe39314ec4","DENIED","Nomor plat tidak terdaftar untuk user ini","BIKE","DK 5809 UBP","2025-08-04T11:48:56.273Z"
"6890a3a7494ea7f40e5a460a","4e2549c5","68830adddc56fbfe39314ec4","GRANTED",,"NO_VEHICLE",,"2025-08-04T12:12:23.937Z"
"6890a3b2494ea7f40e5a460b","4e2549c5","68830adddc56fbfe39314ec4","GRANTED",,"NO_VEHICLE",,"2025-08-04T12:12:34.148Z"
"6890a3ba494ea7f40e5a460c","4e2549c5","68830adddc56fbfe39314ec4","GRANTED",,"NO_VEHICLE",,"2025-08-04T12:12:42.679Z"
"6890a427494ea7f40e5a460d","4e2549c5","68830adddc56fbfe39314ec4","GRANTED",,"NO_VEHICLE",,"2025-08-04T12:14:31.887Z"
"6890a435494ea7f40e5a460e","4e2549c5","68830adddc56fbfe39314ec4","DENIED","Nomor plat tidak terdeteksi","BIKE",,"2025-08-04T12:14:45.687Z"
"6890a444494ea7f40e5a460f","4e2549c5","68830adddc56fbfe39314ec4","DENIED","Nomor plat tidak terdeteksi","BIKE",,"2025-08-04T12:15:00.745Z"
"6890a48f494ea7f40e5a4610","4e2549c5","68830adddc56fbfe39314ec4","DENIED","Nomor plat tidak terdaftar untuk user ini","BIKE","DI 76715","2025-08-04T12:16:15.739Z"
"6890a5e1494ea7f40e5a4611","4e2549c5","68830adddc56fbfe39314ec4","GRANTED",,"NO_VEHICLE",,"2025-08-04T12:21:53.715Z"
"6890a5f7494ea7f40e5a4612","4e2549c5","68830adddc56fbfe39314ec4","DENIED","Nomor plat tidak terdaftar untuk user ini","BIKE","IDK ""2820 CBL","2025-08-04T12:22:15.593Z"
"6890a61a494ea7f40e5a4613","4e2549c5","68830adddc56fbfe39314ec4","DENIED","Nomor plat tidak terdaftar untuk user ini","BIKE","DK 2820 GBL","2025-08-04T12:22:50.009Z"
"6890a760494ea7f40e5a4614","4e2549c5","68830adddc56fbfe39314ec4","DENIED","Nomor plat tidak terdaftar untuk user ini","BIKE","OK GBL 28200","2025-08-04T12:28:16.416Z"
"6890a78e494ea7f40e5a4615","4e2549c5","68830adddc56fbfe39314ec4","DENIED","Nomor plat tidak terdaftar untuk user ini","BIKE","DK 2820 CBL","2025-08-04T12:29:02.482Z"
"6890a7a8494ea7f40e5a4616","4e2549c5","68830adddc56fbfe39314ec4","DENIED","Nomor plat tidak terdaftar untuk user ini","BIKE","@DK 2820 GBL","2025-08-04T12:29:28.757Z"
"6890a86a494ea7f40e5a4617","4e2549c5","68830adddc56fbfe39314ec4","GRANTED",,"NO_VEHICLE",,"2025-08-04T12:32:42.299Z"
"6890a879494ea7f40e5a4618","4e2549c5","68830adddc56fbfe39314ec4","DENIED","Nomor plat tidak terdeteksi","BIKE",,"2025-08-04T12:32:57.211Z"
"6890a890494ea7f40e5a4619","4e2549c5","68830adddc56fbfe39314ec4","DENIED","Nomor plat tidak terdeteksi","BIKE",,"2025-08-04T12:33:20.972Z"
"6890a8ac494ea7f40e5a461a","4e2549c5","68830adddc56fbfe39314ec4","DENIED","Nomor plat tidak terdaftar untuk user ini","BIKE","DK GBL 2820C","2025-08-04T12:33:48.719Z"
"6890a8c5494ea7f40e5a461b","4e2549c5","68830adddc56fbfe39314ec4","DENIED","Nomor plat tidak terdaftar untuk user ini","BIKE","@K 2820 GBL","2025-08-04T12:34:13.840Z"
"6890a8d6494ea7f40e5a461c","4e2549c5","68830adddc56fbfe39314ec4","GRANTED",,"NO_VEHICLE",,"2025-08-04T12:34:30.025Z"
"6890a8e4494ea7f40e5a461d","4e2549c5","68830adddc56fbfe39314ec4","DENIED","Nomor plat tidak terdaftar untuk user ini","BIKE","VDK 2820 GBL;","2025-08-04T12:34:44.849Z"
"6890a903494ea7f40e5a461e","4e2549c5","68830adddc56fbfe39314ec4","DENIED","Nomor plat tidak terdaftar untuk user ini","BIKE","DK 2820 CBL","2025-08-04T12:35:15.876Z"
"6890adb0494ea7f40e5a461f","4e2549c5","68830adddc56fbfe39314ec4","DENIED","Nomor plat tidak terdaftar untuk user ini","BIKE","K 123 DIT","2025-08-04T12:55:12.921Z"
"6890ae1d494ea7f40e5a4620","4e2549c5","68830adddc56fbfe39314ec4","DENIED","Nomor plat tidak terdeteksi","CAR",,"2025-08-04T12:57:01.712Z"
"6890ae2c494ea7f40e5a4621","4e2549c5","68830adddc56fbfe39314ec4","DENIED","Nomor plat tidak terdaftar untuk user ini","CAR","K 1234 AG","2025-08-04T12:57:16.428Z"
"6890af15494ea7f40e5a4622","4e2549c5","68830adddc56fbfe39314ec4","DENIED","Nomor plat tidak terdaftar untuk user ini","CAR","KD4 AG","2025-08-04T13:01:09.118Z"
"6890af49494ea7f40e5a4623","4e2549c5","68830adddc56fbfe39314ec4","GRANTED",,"NO_VEHICLE",,"2025-08-04T13:02:01.185Z"
"6890af5a494ea7f40e5a4624","4e2549c5","68830adddc56fbfe39314ec4","DENIED","Nomor plat tidak terdaftar untuk user ini","CAR","K1234 AG","2025-08-04T13:02:18.230Z"
"6890af75494ea7f40e5a4625","4e2549c5","68830adddc56fbfe39314ec4","DENIED","Nomor plat tidak terdaftar untuk user ini","CAR","K1234 AG","2025-08-04T13:02:45.987Z"
"6890af87494ea7f40e5a4626","4e2549c5","68830adddc56fbfe39314ec4","DENIED","Nomor plat tidak terdeteksi","CAR",,"2025-08-04T13:03:03.407Z"
"6890afc3494ea7f40e5a4627","4e2549c5","68830adddc56fbfe39314ec4","DENIED","Nomor plat tidak terdeteksi","CAR",,"2025-08-04T13:04:03.328Z"
"6890afef494ea7f40e5a4628","4e2549c5","68830adddc56fbfe39314ec4","GRANTED",,"NO_VEHICLE",,"2025-08-04T13:04:47.133Z"
"6890aff4494ea7f40e5a4629","4e2549c5","68830adddc56fbfe39314ec4","GRANTED",,"NO_VEHICLE",,"2025-08-04T13:04:52.751Z"
"6890afff494ea7f40e5a462a","4e2549c5","68830adddc56fbfe39314ec4","GRANTED",,"NO_VEHICLE",,"2025-08-04T13:05:03.029Z"
"6890b01e494ea7f40e5a462b","4e2549c5","68830adddc56fbfe39314ec4","DENIED","Nomor plat tidak terdaftar untuk user ini","CAR","NG","2025-08-04T13:05:34.854Z"
"6890b029494ea7f40e5a462c","4e2549c5","68830adddc56fbfe39314ec4","DENIED","Nomor plat tidak terdaftar untuk user ini","CAR","K1234AG","2025-08-04T13:05:45.417Z"
"6890b053494ea7f40e5a462d","4e2549c5","68830adddc56fbfe39314ec4","DENIED","Nomor plat tidak terdaftar untuk user ini","BIKE","123 DIT","2025-08-04T13:06:27.303Z"
"6890b05d494ea7f40e5a462e","4e2549c5","68830adddc56fbfe39314ec4","DENIED","Nomor plat tidak terdaftar untuk user ini","BIKE","K123 DIT","2025-08-04T13:06:37.176Z"
"6890b13d494ea7f40e5a462f","4e2549c5","68830adddc56fbfe39314ec4","DENIED","Nomor plat tidak terdaftar untuk user ini","BIKE","K 123 DIT","2025-08-04T13:10:21.320Z"
"6890b2b8494ea7f40e5a4630","4e2549c5","68830adddc56fbfe39314ec4","DENIED","Nomor plat tidak terdaftar untuk user ini","BIKE","K13","2025-08-04T13:16:40.823Z"
"6890b2f6494ea7f40e5a4631","4e2549c5","68830adddc56fbfe39314ec4","DENIED","Nomor plat tidak terdaftar untuk user ini","BIKE","K123 DIT","2025-08-04T13:17:42.144Z"
"6890b321494ea7f40e5a4632","4e2549c5","68830adddc56fbfe39314ec4","DENIED","Nomor plat tidak terdaftar untuk user ini","BIKE","123 DIT","2025-08-04T13:18:25.236Z"
"6890b33a494ea7f40e5a4633","4e2549c5","68830adddc56fbfe39314ec4","DENIED","Nomor plat tidak terdaftar untuk user ini","BIKE","K 123 DIT","2025-08-04T13:18:50.870Z"
"6890b357494ea7f40e5a4634","4e2549c5","68830adddc56fbfe39314ec4","GRANTED",,"NO_VEHICLE",,"2025-08-04T13:19:19.997Z"
"6890b36a494ea7f40e5a4635","4e2549c5","68830adddc56fbfe39314ec4","GRANTED",,"NO_VEHICLE",,"2025-08-04T13:19:38.494Z"
"6890b37d494ea7f40e5a4636","4e2549c5","68830adddc56fbfe39314ec4","GRANTED",,"NO_VEHICLE",,"2025-08-04T13:19:57.278Z"
"6890b398494ea7f40e5a4637","4e2549c5","68830adddc56fbfe39314ec4","DENIED","Nomor plat tidak terdaftar untuk user ini","CAR","K1234 AG","2025-08-04T13:20:24.069Z"
"6890b4b8494ea7f40e5a4638","4e2549c5","68830adddc56fbfe39314ec4","DENIED","Nomor plat tidak terdaftar untuk user ini","CAR","738 DKC","2025-08-04T13:25:12.897Z"
"6890b4cc494ea7f40e5a4639","4e2549c5","68830adddc56fbfe39314ec4","DENIED","Nomor plat tidak terdaftar untuk user ini","CAR","BB 1387 DKC","2025-08-04T13:25:32.414Z"
"6890b4ea494ea7f40e5a463a","4e2549c5","68830adddc56fbfe39314ec4","DENIED","Nomor plat tidak terdaftar untuk user ini","CAR","1387 DKC","2025-08-04T13:26:02.518Z"
"6890b844494ea7f40e5a463b","4e2549c5","68830adddc56fbfe39314ec4","GRANTED",,"NO_VEHICLE",,"2025-08-04T13:40:20.127Z"
"6890b84e494ea7f40e5a463c","4e2549c5","68830adddc56fbfe39314ec4","DENIED","Nomor plat tidak terdeteksi","CAR",,"2025-08-04T13:40:30.387Z"
"6890b862494ea7f40e5a463d","4e2549c5","68830adddc56fbfe39314ec4","DENIED","Nomor plat tidak terdaftar untuk user ini","CAR","DK 4321 PX","2025-08-04T13:40:50.599Z"
"6890b889494ea7f40e5a463e","4e2549c5","68830adddc56fbfe39314ec4","DENIED","Nomor plat tidak terdaftar untuk user ini","BIKE","K123 DIT","2025-08-04T13:41:29.104Z"
"6890b896494ea7f40e5a463f","4e2549c5","68830adddc56fbfe39314ec4","DENIED","Nomor plat tidak terdaftar untuk user ini","BIKE","K 123 DIT","2025-08-04T13:41:42.776Z"
"6890bad0494ea7f40e5a4640","4e2549c5","68830adddc56fbfe39314ec4","GRANTED",,"NO_VEHICLE",,"2025-08-04T13:51:12.161Z"
"6890bb08494ea7f40e5a4641","4e2549c5","68830adddc56fbfe39314ec4","DENIED","Nomor plat tidak terdaftar untuk user ini","BIKE","IK 123 DIT","2025-08-04T13:52:08.082Z"
"6890bb1e494ea7f40e5a4642","4e2549c5","68830adddc56fbfe39314ec4","DENIED","Nomor plat tidak terdaftar untuk user ini","BIKE","YK 123 DIT","2025-08-04T13:52:30.962Z"
"6890bb4a494ea7f40e5a4643","4e2549c5","68830adddc56fbfe39314ec4","DENIED","Nomor plat tidak terdaftar untuk user ini","BIKE","K 123 DIR","2025-08-04T13:53:14.663Z"
"6890bb73494ea7f40e5a4644","4e2549c5","68830adddc56fbfe39314ec4","DENIED","Nomor plat tidak terdaftar untuk user ini","BIKE","K 123 DIT","2025-08-04T13:53:55.175Z"
"6890bb94494ea7f40e5a4645","4e2549c5","68830adddc56fbfe39314ec4","DENIED","Nomor plat tidak terdaftar untuk user ini","BIKE","DIT 123","2025-08-04T13:54:28.955Z"
"6890bba3494ea7f40e5a4646","4e2549c5","68830adddc56fbfe39314ec4","DENIED","Nomor plat tidak terdaftar untuk user ini","BIKE","DIT 123","2025-08-04T13:54:43.732Z"
"6890bbbc494ea7f40e5a4647","4e2549c5","68830adddc56fbfe39314ec4","DENIED","Nomor plat tidak terdaftar untuk user ini","BIKE","UK 123","2025-08-04T13:55:08.558Z"
"6890bbd4494ea7f40e5a4648","4e2549c5","68830adddc56fbfe39314ec4","DENIED","Nomor plat tidak terdaftar untuk user ini","BIKE","K123 DIT","2025-08-04T13:55:32.550Z"
"6890bc1a494ea7f40e5a4649","4e2549c5","68830adddc56fbfe39314ec4","DENIED","Nomor plat tidak terdaftar untuk user ini","BIKE","K 123 DIE","2025-08-04T13:56:42.583Z"
"6890bc2f494ea7f40e5a464a","4e2549c5","68830adddc56fbfe39314ec4","DENIED","Nomor plat tidak terdaftar untuk user ini","BIKE","'K 723","2025-08-04T13:57:03.136Z"
"6890bc46494ea7f40e5a464b","4e2549c5","68830adddc56fbfe39314ec4","DENIED","Nomor plat tidak terdaftar untuk user ini","BIKE","K123 DIT","2025-08-04T13:57:26.046Z"
"6890bc6a494ea7f40e5a464c","4e2549c5","68830adddc56fbfe39314ec4","DENIED","Nomor plat tidak terdaftar untuk user ini","BIKE","IK 123 DIT","2025-08-04T13:58:02.081Z"
"6890bc9f494ea7f40e5a464d","4e2549c5","68830adddc56fbfe39314ec4","DENIED","Nomor plat tidak terdaftar untuk user ini","BIKE","IK123 DIT","2025-08-04T13:58:55.532Z"
"6890bcb2494ea7f40e5a464e","4e2549c5","68830adddc56fbfe39314ec4","GRANTED",,"NO_VEHICLE",,"2025-08-04T13:59:14.091Z"
"6890bcf2494ea7f40e5a464f","4e2549c5","68830adddc56fbfe39314ec4","GRANTED",,"NO_VEHICLE",,"2025-08-04T14:00:18.676Z"
"6890bcfd494ea7f40e5a4650","4e2549c5","68830adddc56fbfe39314ec4","GRANTED",,"NO_VEHICLE",,"2025-08-04T14:00:29.276Z"
"6890bd2c494ea7f40e5a4651","4e2549c5","68830adddc56fbfe39314ec4","DENIED","Nomor plat tidak terdaftar untuk user ini","CAR","DK 4321 PX","2025-08-04T14:01:16.889Z"
"6890bf75494ea7f40e5a4652","4e2549c5","68830adddc56fbfe39314ec4","DENIED","Nomor plat tidak terdaftar untuk user ini","BIKE","DK AD 4321","2025-08-04T14:11:01.520Z"
"6890bf96494ea7f40e5a4653","4e2549c5","68830adddc56fbfe39314ec4","DENIED","Nomor plat tidak terdaftar untuk user ini","BIKE","DK AD 4321","2025-08-04T14:11:34.934Z"
"6890bfe4494ea7f40e5a4654","4e2549c5","68830adddc56fbfe39314ec4","DENIED","Nomor plat tidak terdaftar untuk user ini","BIKE","OK 6431","2025-08-04T14:12:52.095Z"
"6890c099494ea7f40e5a4655","4e2549c5","68830adddc56fbfe39314ec4","DENIED","Nomor plat tidak terdaftar untuk user ini","BIKE","DK 4321","2025-08-04T14:15:53.299Z"
"6890c0e3494ea7f40e5a4656","4e2549c5","68830adddc56fbfe39314ec4","DENIED","Nomor plat tidak terdaftar untuk user ini","BIKE","DK 4324","2025-08-04T14:17:07.125Z"
"6890c0f3494ea7f40e5a4657","4e2549c5","68830adddc56fbfe39314ec4","DENIED","Nomor plat tidak terdaftar untuk user ini","BIKE","DK 4304","2025-08-04T14:17:23.717Z"
"6890c138494ea7f40e5a4658","4e2549c5","68830adddc56fbfe39314ec4","DENIED","Nomor plat tidak terdaftar untuk user ini","CAR","DK 4121","2025-08-04T14:18:32.876Z"
"6890c1b7494ea7f40e5a4659","4e2549c5","68830adddc56fbfe39314ec4","DENIED","Nomor plat tidak terdaftar untuk user ini","CAR","4321 PX","2025-08-04T14:20:39.236Z"
"6890c1ca494ea7f40e5a465a","4e2549c5","68830adddc56fbfe39314ec4","DENIED","Nomor plat tidak terdaftar untuk user ini","CAR","4321 PX","2025-08-04T14:20:58.685Z"
"6890c206494ea7f40e5a465b","4e2549c5","68830adddc56fbfe39314ec4","GRANTED",,"NO_VEHICLE",,"2025-08-04T14:21:58.316Z"
"6890c20c494ea7f40e5a465c","4e2549c5","68830adddc56fbfe39314ec4","GRANTED",,"NO_VEHICLE",,"2025-08-04T14:22:04.263Z"
"6890c27f494ea7f40e5a465d","4e2549c5","68830adddc56fbfe39314ec4","DENIED","Nomor plat tidak terdaftar untuk user ini","CAR","DK 4321","2025-08-04T14:23:59.401Z"
"6890c306494ea7f40e5a465e","4e2549c5","68830adddc56fbfe39314ec4","DENIED","Nomor plat tidak terdeteksi","CAR",,"2025-08-04T14:26:14.665Z"
"6890c31d494ea7f40e5a465f","4e2549c5","68830adddc56fbfe39314ec4","DENIED","Nomor plat tidak terdeteksi","CAR",,"2025-08-04T14:26:37.608Z"
"6890c32f494ea7f40e5a4660","4e2549c5","68830adddc56fbfe39314ec4","DENIED","Nomor plat tidak terdaftar untuk user ini","CAR","1141 KU","2025-08-04T14:26:55.414Z"
"6890c9af494ea7f40e5a4661","61324423","688f571e3f78d027532ead52","DENIED","Nomor plat tidak terdaftar untuk user ini","BIKE","DK 6715 PX","2025-08-04T14:54:39.140Z"
"6890c9e2494ea7f40e5a4662","61324423","688f571e3f78d027532ead52","GRANTED",,"BIKE","DK 6715 PX","2025-08-04T14:55:30.630Z"
"6890ca65494ea7f40e5a4663","9e84ce05","683be4831cd41fe74b91c583","GRANTED",,"NO_VEHICLE",,"2025-08-04T14:57:41.555Z"
"6890caaa494ea7f40e5a4664","9e84ce05","683be4831cd41fe74b91c583","DENIED","Nomor plat tidak terdaftar untuk user ini","BIKE","DK 6715 PX","2025-08-04T14:58:50.347Z"
"6890cb5b494ea7f40e5a4665","4e2549c5","68830adddc56fbfe39314ec4","GRANTED",,"NO_VEHICLE",,"2025-08-04T15:01:47.866Z"
"6890cb5f494ea7f40e5a4666","4e2549c5","68830adddc56fbfe39314ec4","GRANTED",,"NO_VEHICLE",,"2025-08-04T15:01:51.344Z"
"6890cc13494ea7f40e5a4667","9e84ce05","683be4831cd41fe74b91c583","GRANTED",,"NO_VEHICLE",,"2025-08-04T15:04:51.977Z"
"6890cc35494ea7f40e5a4668","9e84ce05","683be4831cd41fe74b91c583","GRANTED",,"NO_VEHICLE",,"2025-08-04T15:05:25.584Z"
"6890cc42494ea7f40e5a4669","9e84ce05","683be4831cd41fe74b91c583","DENIED","Nomor plat tidak terdaftar untuk user ini","BIKE","DK 6715 PE","2025-08-04T15:05:38.273Z"
"6890cc6b494ea7f40e5a466a","9e84ce05","683be4831cd41fe74b91c583","DENIED","Nomor plat tidak terdaftar untuk user ini","BIKE","LDK 6715 PY","2025-08-04T15:06:19.897Z"
"6890ccca494ea7f40e5a466b","9e84ce05","683be4831cd41fe74b91c583","DENIED","Nomor plat tidak terdeteksi","BIKE",,"2025-08-04T15:07:54.749Z"
"6890cd0a494ea7f40e5a466c","9e84ce05","683be4831cd41fe74b91c583","DENIED","Nomor plat tidak terdaftar untuk user ini","BIKE","OK 6715 PX","2025-08-04T15:08:58.044Z"
"6890cd1d494ea7f40e5a466d","9e84ce05","683be4831cd41fe74b91c583","GRANTED",,"BIKE","DK 6715 PX","2025-08-04T15:09:17.540Z"
"6890ce09494ea7f40e5a466e","9e84ce05","683be4831cd41fe74b91c583","DENIED","Nomor plat tidak terdaftar untuk user ini","BIKE","PK 5568","2025-08-04T15:13:13.320Z"
"6890ce1c494ea7f40e5a466f","9e84ce05","683be4831cd41fe74b91c583","DENIED","Nomor plat tidak terdaftar untuk user ini","BIKE","DK 5568","2025-08-04T15:13:32.460Z"
"6890ce34494ea7f40e5a4670","9e84ce05","683be4831cd41fe74b91c583","DENIED","Nomor plat tidak terdaftar untuk user ini","BIKE","PK ""5568","2025-08-04T15:13:56.187Z"
"6890ce41494ea7f40e5a4671","9e84ce05","683be4831cd41fe74b91c583","GRANTED",,"NO_VEHICLE",,"2025-08-04T15:14:09.411Z"
"6890ce56494ea7f40e5a4672","9e84ce05","683be4831cd41fe74b91c583","DENIED","Nomor plat tidak terdaftar untuk user ini","BIKE","DK 5568","2025-08-04T15:14:30.642Z"
"6890e1ea494ea7f40e5a4673","61324423","688f571e3f78d027532ead52","GRANTED",,"NO_VEHICLE",,"2025-08-04T16:38:02.512Z"
"6890e248494ea7f40e5a4674","61324423","688f571e3f78d027532ead52","GRANTED",,"NO_VEHICLE",,"2025-08-04T16:39:36.971Z"
"6890e258494ea7f40e5a4675","61324423","688f571e3f78d027532ead52","GRANTED",,"NO_VEHICLE",,"2025-08-04T16:39:52.511Z"
"6890e276494ea7f40e5a4676","61324423","688f571e3f78d027532ead52","DENIED","Nomor plat tidak terdaftar untuk user ini","CAR","K 141 KU","2025-08-04T16:40:22.669Z"
"68917ee7b1257f80019f4fed","4e2549c5","68830adddc56fbfe39314ec4","DENIED","Nomor plat tidak terdeteksi","CAR",,"2025-08-05T03:47:51.037Z"
"68917fb1b1257f80019f4fee","4e2549c5","68830adddc56fbfe39314ec4","GRANTED",,"NO_VEHICLE",,"2025-08-05T03:51:13.155Z"
"68917fe1b1257f80019f4fef","4e2549c5","68830adddc56fbfe39314ec4","DENIED","Nomor plat tidak terdeteksi","BIKE",,"2025-08-05T03:52:01.703Z"
"68918020b1257f80019f4ff0","4e2549c5","68830adddc56fbfe39314ec4","DENIED","Nomor plat tidak terdeteksi","BIKE",,"2025-08-05T03:53:04.375Z"
"68918048b1257f80019f4ff1","4e2549c5","68830adddc56fbfe39314ec4","DENIED","Nomor plat tidak terdaftar untuk user ini","BIKE","DK3103AEB","2025-08-05T03:53:44.942Z"
"689180d6b1257f80019f4ff3","4e2549c51","689180a3b1257f80019f4ff2","DENIED","Nomor plat tidak terdaftar untuk user ini","BIKE","F MC-R","2025-08-05T03:56:06.663Z"
"68918123b1257f80019f4ff4","4e2549c51","689180a3b1257f80019f4ff2","DENIED","Nomor plat tidak terdaftar untuk user ini","BIKE","AEB DK3103","2025-08-05T03:57:23.265Z"
"68918135b1257f80019f4ff5","4e2549c51","689180a3b1257f80019f4ff2","DENIED","Nomor plat tidak terdaftar untuk user ini","BIKE","AEB DK31035","2025-08-05T03:57:41.708Z"
"6891813fb1257f80019f4ff6","4e2549c51","689180a3b1257f80019f4ff2","GRANTED",,"BIKE","DK3103AEB","2025-08-05T03:57:51.243Z"
"6892ce57b0d02d1c8b9fe8d5","61324423","688f571e3f78d027532ead52","DENIED","Nomor plat tidak terdeteksi","CAR",,"2025-08-06T03:39:03.329Z"
"6892cf63b0d02d1c8b9fe8d6","61324423","688f571e3f78d027532ead52","DENIED","Nomor plat tidak terdaftar untuk user ini","CAR","K 141 KU","2025-08-06T03:43:31.580Z"
"6892d571b0d02d1c8b9fe8d7","61324423","688f571e3f78d027532ead52","GRANTED",,"NO_VEHICLE",,"2025-08-06T04:09:21.922Z"
"6892daf1b0d02d1c8b9fe8d8","61324423","688f571e3f78d027532ead52","DENIED","Nomor plat tidak terdaftar untuk user ini","BIKE","@-2925 RZZ","2025-08-06T04:32:49.944Z"
"68930085b98bd2b807dd2b3a","61324423","688f571e3f78d027532ead52","DENIED","Nomor plat tidak terdaftar untuk user ini","BIKE","@-2925 RZZ","2025-08-06T07:13:09.647Z"
"6893025ab98bd2b807dd2b3b","61324423","688f571e3f78d027532ead52","DENIED","Nomor plat tidak terdaftar untuk user ini","BIKE","DK  6715 PXI","2025-08-06T07:20:58.744Z"
"689303bdb98bd2b807dd2b3c","61324423","688f571e3f78d027532ead52","DENIED","Nomor plat tidak terdaftar untuk user ini","BIKE","OK 5568 PS","2025-08-06T07:26:53.621Z"
"689303ceb98bd2b807dd2b3d","61324423","688f571e3f78d027532ead52","DENIED","Nomor plat tidak terdaftar untuk user ini","BIKE","OK 5568 PS","2025-08-06T07:27:10.607Z"
"6893059eb98bd2b807dd2b3e","61324423","688f571e3f78d027532ead52","GRANTED",,"BIKE","DK 5568 PS","2025-08-06T07:34:54.500Z"
"6893086db98bd2b807dd2b3f","61324423","688f571e3f78d027532ead52","DENIED","Nomor plat tidak terdaftar untuk user ini","CAR","K 141","2025-08-06T07:46:53.894Z"
"689308ceb98bd2b807dd2b40","61324423","688f571e3f78d027532ead52","DENIED","Nomor plat tidak terdaftar untuk user ini","CAR","K 141 KU","2025-08-06T07:48:30.227Z"
"68930b69b98bd2b807dd2b41","61324423","688f571e3f78d027532ead52","DENIED","Nomor plat tidak terdaftar untuk user ini","CAR","K 141 KU","2025-08-06T07:59:37.530Z"
"689331beb7a1f26a9243fc2f","61324423","688f571e3f78d027532ead52","DENIED","Nomor plat tidak terdaftar untuk user ini","CAR","K 141 KU","2025-08-06T10:43:10.567Z"
"689334858e88f2a631eec745","9e84ce05","683be4831cd41fe74b91c583","DENIED","Nomor plat tidak terdaftar untuk user ini","BIKE","@K5568","2025-08-06T10:55:01.939Z"
"689334b18e88f2a631eec746","9e84ce05","683be4831cd41fe74b91c583","DENIED","Nomor plat tidak terdaftar untuk user ini","BIKE","DK 5558P","2025-08-06T10:55:45.656Z"
"689334b98e88f2a631eec747","9e84ce05","683be4831cd41fe74b91c583","GRANTED",,"NO_VEHICLE",,"2025-08-06T10:55:53.908Z"
"689334c58e88f2a631eec748","9e84ce05","683be4831cd41fe74b91c583","GRANTED",,"NO_VEHICLE",,"2025-08-06T10:56:05.902Z"
"689334ca8e88f2a631eec749","9e84ce05","683be4831cd41fe74b91c583","GRANTED",,"NO_VEHICLE",,"2025-08-06T10:56:10.309Z"
"689334d18e88f2a631eec74a","9e84ce05","683be4831cd41fe74b91c583","GRANTED",,"NO_VEHICLE",,"2025-08-06T10:56:17.927Z"
"689334d58e88f2a631eec74b","9e84ce05","683be4831cd41fe74b91c583","GRANTED",,"NO_VEHICLE",,"2025-08-06T10:56:21.717Z"
"689334d98e88f2a631eec74c","9e84ce05","683be4831cd41fe74b91c583","GRANTED",,"NO_VEHICLE",,"2025-08-06T10:56:25.293Z"
"689334dc8e88f2a631eec74d","9e84ce05","683be4831cd41fe74b91c583","GRANTED",,"NO_VEHICLE",,"2025-08-06T10:56:28.950Z"
"689334e08e88f2a631eec74e","9e84ce05","683be4831cd41fe74b91c583","GRANTED",,"NO_VEHICLE",,"2025-08-06T10:56:32.890Z"
"689334e48e88f2a631eec74f","9e84ce05","683be4831cd41fe74b91c583","GRANTED",,"NO_VEHICLE",,"2025-08-06T10:56:36.687Z"
"689334e88e88f2a631eec750","9e84ce05","683be4831cd41fe74b91c583","GRANTED",,"NO_VEHICLE",,"2025-08-06T10:56:40.303Z"
"689334ec8e88f2a631eec751","9e84ce05","683be4831cd41fe74b91c583","GRANTED",,"NO_VEHICLE",,"2025-08-06T10:56:44.483Z"
"689334ef8e88f2a631eec752","9e84ce05","683be4831cd41fe74b91c583","DENIED","Nomor plat tidak terdeteksi","BIKE",,"2025-08-06T10:56:47.974Z"
"689335148e88f2a631eec753","9e84ce05","683be4831cd41fe74b91c583","DENIED","Nomor plat tidak terdaftar untuk user ini","BIKE","DK 5588PS","2025-08-06T10:57:24.803Z"
"689335428e88f2a631eec754","9e84ce05","683be4831cd41fe74b91c583","GRANTED",,"NO_VEHICLE",,"2025-08-06T10:58:10.105Z"
"689335578e88f2a631eec755","9e84ce05","683be4831cd41fe74b91c583","DENIED","Nomor plat tidak terdaftar untuk user ini","BIKE","DK 5568","2025-08-06T10:58:31.900Z"
"689335c48e88f2a631eec756","9e84ce05","683be4831cd41fe74b91c583","DENIED","Nomor plat tidak terdaftar untuk user ini","BIKE","DK5568","2025-08-06T11:00:20.928Z"
"689335fb8e88f2a631eec757","9e84ce05","683be4831cd41fe74b91c583","DENIED","Nomor plat tidak terdaftar untuk user ini","BIKE","DK5568 PS","2025-08-06T11:01:15.540Z"
"689336ecd3b4750f891372a6","9e84ce05","683be4831cd41fe74b91c583","DENIED","Nomor plat tidak terdaftar untuk user ini","BIKE","DK 5568 P","2025-08-06T11:05:16.822Z"
"6893374dd3b4750f891372a7","61324423","688f571e3f78d027532ead52","DENIED","Nomor plat tidak terdaftar untuk user ini","CAR","K141KU","2025-08-06T11:06:53.638Z"
"68933798d3b4750f891372a8","9e84ce05","683be4831cd41fe74b91c583","DENIED","Nomor plat tidak terdeteksi","CAR",,"2025-08-06T11:08:08.128Z"
"689337b7d3b4750f891372a9","9e84ce05","683be4831cd41fe74b91c583","DENIED","Nomor plat tidak terdaftar untuk user ini","BIKE","DK   5568","2025-08-06T11:08:39.006Z"
"6893386ed3b4750f891372aa","61324423","688f571e3f78d027532ead52","DENIED","Nomor plat tidak terdaftar untuk user ini","CAR","K141KU","2025-08-06T11:11:42.182Z"
"68933b3ad3b4750f891372ab","9e84ce05","683be4831cd41fe74b91c583","GRANTED",,"NO_VEHICLE",,"2025-08-06T11:23:38.583Z"
"68933b7cd3b4750f891372ac","9e84ce05","683be4831cd41fe74b91c583","GRANTED",,"NO_VEHICLE",,"2025-08-06T11:24:44.564Z"
"68933b89d3b4750f891372ad","9e84ce05","683be4831cd41fe74b91c583","GRANTED",,"NO_VEHICLE",,"2025-08-06T11:24:57.350Z"
"68933b9fd3b4750f891372ae","9e84ce05","683be4831cd41fe74b91c583","DENIED","Nomor plat tidak terdaftar untuk user ini","BIKE","JK 5568","2025-08-06T11:25:19.378Z"
"68933c21d3b4750f891372af","9e84ce05","683be4831cd41fe74b91c583","DENIED","Nomor plat tidak terdaftar untuk user ini","CAR","RALTFTT","2025-08-06T11:27:29.412Z"
"68933ca6d3b4750f891372b0","9e84ce05","683be4831cd41fe74b91c583","DENIED","Nomor plat tidak terdaftar untuk user ini","BIKE","PK 5568 PS","2025-08-06T11:29:42.177Z"
"68933d5ad3b4750f891372b1","9e84ce05","683be4831cd41fe74b91c583","DENIED","Nomor plat tidak terdaftar untuk user ini","BIKE","PK5568","2025-08-06T11:32:42.284Z"
"68933d72d3b4750f891372b2","9e84ce05","683be4831cd41fe74b91c583","DENIED","Nomor plat tidak terdaftar untuk user ini","BIKE","OK5568P","2025-08-06T11:33:06.206Z"
"68933ed3d3b4750f891372b3","9e84ce05","683be4831cd41fe74b91c583","DENIED","Nomor plat tidak terdaftar untuk user ini","BIKE","DK5588PS","2025-08-06T11:38:59.240Z"
"68933f00d3b4750f891372b4","9e84ce05","683be4831cd41fe74b91c583","DENIED","Nomor plat tidak terdaftar untuk user ini","CAR","141","2025-08-06T11:39:44.412Z"
"68933f35d3b4750f891372b5","9e84ce05","683be4831cd41fe74b91c583","DENIED","Nomor plat tidak terdeteksi","CAR",,"2025-08-06T11:40:37.909Z"
"68933f5fd3b4750f891372b6","9e84ce05","683be4831cd41fe74b91c583","DENIED","Nomor plat tidak terdeteksi","CAR",,"2025-08-06T11:41:19.407Z"
"68934015d3b4750f891372b7","61324423","688f571e3f78d027532ead52","GRANTED",,"BIKE","DK5568PS","2025-08-06T11:44:21.248Z"
"6893419ed3b4750f891372b8","61324423","688f571e3f78d027532ead52","GRANTED",,"BIKE","DK5568PS","2025-08-06T11:50:54.841Z"
"689341bdd3b4750f891372b9","61324423","688f571e3f78d027532ead52","GRANTED",,"NO_VEHICLE",,"2025-08-06T11:51:25.111Z"
"6893b17e9d67bf71c82c9aad","4e2549c51","689180a3b1257f80019f4ff2","DENIED","Nomor plat tidak terdeteksi","CAR",,"2025-08-06T19:48:14.640Z"
"6893b1979d67bf71c82c9aae","4e2549c51","689180a3b1257f80019f4ff2","DENIED","Nomor plat tidak terdeteksi","CAR",,"2025-08-06T19:48:39.964Z"
"6893b2308f899c1b2fcd28e6","4e2549c51","689180a3b1257f80019f4ff2","DENIED","Nomor plat tidak terdaftar untuk user ini","CAR","IK141KU","2025-08-06T19:51:12.474Z"
"6893b2658f899c1b2fcd28e7","4e2549c51","689180a3b1257f80019f4ff2","DENIED","Nomor plat tidak terdaftar untuk user ini","CAR","IK141KU","2025-08-06T19:52:05.157Z"
"6893b29a8f899c1b2fcd28e8","4e2549c51","689180a3b1257f80019f4ff2","GRANTED",,,,"2025-08-06T19:52:58.724Z"
"6893b2c08f899c1b2fcd28e9","4e2549c51","689180a3b1257f80019f4ff2","DENIED","Nomor plat tidak terdaftar untuk user ini","BIKE","DK5568PS","2025-08-06T19:53:36.179Z"
"6893b3238f899c1b2fcd28ea","4e2549c51","689180a3b1257f80019f4ff2","DENIED","Nomor plat tidak terdaftar untuk user ini","CAR","IK141KU","2025-08-06T19:55:15.325Z"
"6893b3388f899c1b2fcd28eb","4e2549c51","689180a3b1257f80019f4ff2","DENIED","Nomor plat tidak terdaftar untuk user ini","CAR","IK141KU","2025-08-06T19:55:36.456Z"
"6893b33e8f899c1b2fcd28ec","4e2549c51","689180a3b1257f80019f4ff2","GRANTED",,"NO_VEHICLE",,"2025-08-06T19:55:42.379Z"
"6893b3448f899c1b2fcd28ed","4e2549c51","689180a3b1257f80019f4ff2","GRANTED",,"NO_VEHICLE",,"2025-08-06T19:55:48.753Z"
"6893b5898f899c1b2fcd28ee","4e2549c51","689180a3b1257f80019f4ff2","DENIED","Nomor plat tidak terdaftar untuk user ini","CAR","IK141KU","2025-08-06T20:05:29.910Z"
"6893b5ac8f899c1b2fcd28ef","9e84ce05","683be4831cd41fe74b91c583","DENIED","Nomor plat tidak terdaftar untuk user ini","CAR","IK141KU","2025-08-06T20:06:04.759Z"
"6893b5ca8f899c1b2fcd28f0","9e84ce05","683be4831cd41fe74b91c583","GRANTED",,"BIKE","DK5568PS","2025-08-06T20:06:34.720Z"
"6893b6048f899c1b2fcd28f1","9e84ce05","683be4831cd41fe74b91c583","GRANTED",,"BIKE","DK5568PS","2025-08-06T20:07:32.869Z"
"6893b65c8f899c1b2fcd28f2","9e84ce05","683be4831cd41fe74b91c583","GRANTED",,"BIKE","DK5568PS","2025-08-06T20:09:00.712Z"
"6893b6758f899c1b2fcd28f3","4e2549c51","689180a3b1257f80019f4ff2","GRANTED",,"NO_VEHICLE",,"2025-08-06T20:09:25.000Z"
"6893b6d18f899c1b2fcd28f4","4e2549c51","689180a3b1257f80019f4ff2","GRANTED",,"NO_VEHICLE",,"2025-08-06T20:10:57.601Z"
"6893b6ee8f899c1b2fcd28f5","9e84ce05","683be4831cd41fe74b91c583","DENIED","Nomor plat tidak terdaftar untuk user ini","CAR","IK141KI","2025-08-06T20:11:26.201Z"
"6893b7708f899c1b2fcd28f6","9e84ce05","683be4831cd41fe74b91c583","DENIED","Nomor plat tidak terdaftar untuk user ini","CAR","IK141KI","2025-08-06T20:13:36.215Z"
"6893b8158f899c1b2fcd28f7","4e2549c51","689180a3b1257f80019f4ff2","DENIED","Nomor plat tidak terdaftar untuk user ini","CAR","IK141KI","2025-08-06T20:16:21.220Z"
"6893b8408f899c1b2fcd28f8","4e2549c51","689180a3b1257f80019f4ff2","GRANTED",,"NO_VEHICLE",,"2025-08-06T20:17:04.477Z"
"6893b8ab8f899c1b2fcd28f9","4e2549c51","689180a3b1257f80019f4ff2","GRANTED",,,,"2025-08-06T20:18:51.515Z"
"6893b8b08f899c1b2fcd28fa","4e2549c51","689180a3b1257f80019f4ff2","GRANTED",,"NO_VEHICLE",,"2025-08-06T20:18:56.617Z"
"6893b8b68f899c1b2fcd28fb","4e2549c51","689180a3b1257f80019f4ff2","GRANTED",,"NO_VEHICLE",,"2025-08-06T20:19:02.050Z"
"6893b9ca8f899c1b2fcd28fc","4e2549c51","689180a3b1257f80019f4ff2","GRANTED",,"NO_VEHICLE",,"2025-08-06T20:23:38.104Z"
"6893b9d28f899c1b2fcd28fd","4e2549c51","689180a3b1257f80019f4ff2","GRANTED",,"NO_VEHICLE",,"2025-08-06T20:23:46.097Z"
"6893b9d88f899c1b2fcd28fe","4e2549c51","689180a3b1257f80019f4ff2","GRANTED",,"NO_VEHICLE",,"2025-08-06T20:23:52.872Z"
"6893b9df8f899c1b2fcd28ff","4e2549c51","689180a3b1257f80019f4ff2","GRANTED",,"NO_VEHICLE",,"2025-08-06T20:23:59.908Z"
"6893ba018f899c1b2fcd2900","4e2549c51","689180a3b1257f80019f4ff2","GRANTED",,"NO_VEHICLE",,"2025-08-06T20:24:33.295Z"
"6893ba078f899c1b2fcd2901","4e2549c51","689180a3b1257f80019f4ff2","GRANTED",,"NO_VEHICLE",,"2025-08-06T20:24:39.111Z"
"6893ba248f899c1b2fcd2902","4e2549c51","689180a3b1257f80019f4ff2","GRANTED",,"NO_VEHICLE",,"2025-08-06T20:25:08.748Z"
"6893ba478f899c1b2fcd2903","4e2549c51","689180a3b1257f80019f4ff2","GRANTED",,"NO_VEHICLE",,"2025-08-06T20:25:43.515Z"
"6893ba508f899c1b2fcd2904","4e2549c51","689180a3b1257f80019f4ff2","GRANTED",,"NO_VEHICLE",,"2025-08-06T20:25:52.243Z"
"6893ba588f899c1b2fcd2905","4e2549c51","689180a3b1257f80019f4ff2","GRANTED",,"NO_VEHICLE",,"2025-08-06T20:26:00.327Z"
"6893ba808f899c1b2fcd2906","4e2549c51","689180a3b1257f80019f4ff2","GRANTED",,"NO_VEHICLE",,"2025-08-06T20:26:40.700Z"
"6893ba868f899c1b2fcd2907","4e2549c51","689180a3b1257f80019f4ff2","GRANTED",,"NO_VEHICLE",,"2025-08-06T20:26:46.565Z"
"6893ba8b8f899c1b2fcd2908","4e2549c51","689180a3b1257f80019f4ff2","GRANTED",,"NO_VEHICLE",,"2025-08-06T20:26:51.613Z"
"6894252c9bf9dd6ed7cfe799","4e2549c51","689180a3b1257f80019f4ff2","DENIED","Nomor plat tidak terdaftar untuk user ini","BIKE","DK3103AEBI","2025-08-07T04:01:48.958Z"
"6894264f9bf9dd6ed7cfe79a","9e84ce05","683be4831cd41fe74b91c583","DENIED","Nomor plat tidak terdaftar untuk user ini","CAR","BB1308RFO","2025-08-07T04:06:39.712Z"
"6894266f9bf9dd6ed7cfe79b","c4df4202","683be4a11cd41fe74b91c584","DENIED","User tidak aktif","CAR","BB1308RFO","2025-08-07T04:07:11.297Z"
"689426809bf9dd6ed7cfe79c","c4df4202","683be4a11cd41fe74b91c584","DENIED","User tidak aktif","NO_VEHICLE",,"2025-08-07T04:07:28.443Z"
"6894268a9bf9dd6ed7cfe79d","4e2549c5","68830adddc56fbfe39314ec4","GRANTED",,"NO_VEHICLE",,"2025-08-07T04:07:38.837Z"
"689426979bf9dd6ed7cfe79e","9e84ce05","683be4831cd41fe74b91c583","GRANTED",,"NO_VEHICLE",,"2025-08-07T04:07:51.242Z"
"689426b39bf9dd6ed7cfe79f","9e84ce05","683be4831cd41fe74b91c583","DENIED","Nomor plat tidak terdaftar untuk user ini","BIKE","OK5568PS","2025-08-07T04:08:19.808Z"
"689426fb9bf9dd6ed7cfe7a0","6b403c02","683d1ac36fae55f399ce5f19","DENIED","User tidak aktif","BIKE","DK5568PS","2025-08-07T04:09:31.895Z"
"6894270e9bf9dd6ed7cfe7a1","4e2549c5","68830adddc56fbfe39314ec4","DENIED","Nomor plat tidak terdaftar untuk user ini","BIKE","DK5568PS","2025-08-07T04:09:50.825Z"
"689427149bf9dd6ed7cfe7a2","4e2549c5","68830adddc56fbfe39314ec4","GRANTED",,"NO_VEHICLE",,"2025-08-07T04:09:56.752Z"
"6894271e9bf9dd6ed7cfe7a3","6b403c02","683d1ac36fae55f399ce5f19","DENIED","User tidak aktif","NO_VEHICLE",,"2025-08-07T04:10:06.187Z"
"689427239bf9dd6ed7cfe7a4","c4df4202","683be4a11cd41fe74b91c584","DENIED","User tidak aktif","NO_VEHICLE",,"2025-08-07T04:10:11.162Z"
"6894272a9bf9dd6ed7cfe7a5","9e84ce05","683be4831cd41fe74b91c583","GRANTED",,"NO_VEHICLE",,"2025-08-07T04:10:18.986Z"
"689427369bf9dd6ed7cfe7a6","9e84ce05","683be4831cd41fe74b91c583","GRANTED",,"NO_VEHICLE",,"2025-08-07T04:10:30.762Z"
"689427579bf9dd6ed7cfe7a7","4e2549c51","689180a3b1257f80019f4ff2","GRANTED",,"BIKE","DK3103AEB","2025-08-07T04:11:03.873Z"
"6894276e9bf9dd6ed7cfe7a8","c4df4202","683be4a11cd41fe74b91c584","DENIED","User tidak aktif","BIKE","DK3103AEB","2025-08-07T04:11:26.973Z"
"6894277d9bf9dd6ed7cfe7a9","4e2549c51","689180a3b1257f80019f4ff2","GRANTED",,"BIKE","DK3103AEB","2025-08-07T04:11:41.585Z"
"6894f3bcc5a4adae5cebe1fe","61324423","688f571e3f78d027532ead52","DENIED","Nomor plat tidak terdaftar untuk user ini","CAR","IB1308RFO","2025-08-07T18:43:08.336Z"
"6894f405c5a4adae5cebe1ff","61324423","688f571e3f78d027532ead52","DENIED","Nomor plat tidak terdaftar untuk user ini","CAR","BB1308RFO","2025-08-07T18:44:21.305Z"
"6894f43dc5a4adae5cebe200","61324423","688f571e3f78d027532ead52","DENIED","Nomor plat tidak terdaftar untuk user ini","CAR","BB1308RFO","2025-08-07T18:45:17.729Z"
"6894f45fc5a4adae5cebe201","61324423","688f571e3f78d027532ead52","DENIED","Nomor plat tidak terdaftar untuk user ini","CAR","B1308RFO","2025-08-07T18:45:51.948Z"
"6894f479c5a4adae5cebe202","61324423","688f571e3f78d027532ead52","DENIED","Nomor plat tidak terdaftar untuk user ini","BIKE","JK5568PS","2025-08-07T18:46:17.520Z"
"6894f49bc5a4adae5cebe203","61324423","688f571e3f78d027532ead52","GRANTED",,"BIKE","DK5568PS","2025-08-07T18:46:51.678Z"
"6894f4c3c5a4adae5cebe204","61324423","688f571e3f78d027532ead52","DENIED","Nomor plat tidak terdaftar untuk user ini","CAR","BB1308RFO","2025-08-07T18:47:31.260Z"
"6894f726c974f77be696a3b9","61324423","688f571e3f78d027532ead52","DENIED","Nomor plat tidak terdaftar untuk user ini","CAR","IB1308RFO","2025-08-07T18:57:42.178Z"
"6894f777c974f77be696a3ba","61324423","688f571e3f78d027532ead52","DENIED","Nomor plat tidak terdaftar untuk user ini","CAR","BB1308RFO","2025-08-07T18:59:03.224Z"
"6894f7f4c974f77be696a3bb","61324423","688f571e3f78d027532ead52","GRANTED",,"BIKE","DK5568PS","2025-08-07T19:01:08.095Z"
"6894f80cc974f77be696a3bc","61324423","688f571e3f78d027532ead52","DENIED","Nomor plat tidak terdaftar untuk user ini","BIKE","DK3103AEB","2025-08-07T19:01:32.659Z"
"6894f827c974f77be696a3bd","61324423","688f571e3f78d027532ead52","DENIED","Nomor plat tidak terdaftar untuk user ini","CAR","141KU","2025-08-07T19:01:59.740Z"
"6894f873c974f77be696a3be","61324423","688f571e3f78d027532ead52","DENIED","Nomor plat tidak terdaftar untuk user ini","CAR","B1970SSW","2025-08-07T19:03:15.644Z"
"6894f90bc974f77be696a3bf","61324423","688f571e3f78d027532ead52","DENIED","Nomor plat tidak terdaftar untuk user ini","CAR","K141KU","2025-08-07T19:05:47.167Z"
"6894f942c974f77be696a3c0","61324423","688f571e3f78d027532ead52","GRANTED",,"BIKE","DK5568PS","2025-08-07T19:06:42.090Z"
"6894f95bc974f77be696a3c1","61324423","688f571e3f78d027532ead52","DENIED","Nomor plat tidak terdaftar untuk user ini","CAR","B1169ZZHI","2025-08-07T19:07:07.788Z"
"6894f990c974f77be696a3c2","61324423","688f571e3f78d027532ead52","DENIED","Nomor plat tidak terdaftar untuk user ini","CAR","B1169ZZHI","2025-08-07T19:08:00.394Z"
"6894f9cdc974f77be696a3c3","61324423","688f571e3f78d027532ead52","DENIED","Nomor plat tidak terdaftar untuk user ini","CAR","B1169ZZH","2025-08-07T19:09:01.745Z"
"6894fa22c974f77be696a3c4","61324423","688f571e3f78d027532ead52","GRANTED",,"BIKE","DK5568PS","2025-08-07T19:10:26.040Z"
"6894fa64c974f77be696a3c5","61324423","688f571e3f78d027532ead52","GRANTED",,"NO_VEHICLE",,"2025-08-07T19:11:32.894Z"
"6894faa2c974f77be696a3c6","61324423","688f571e3f78d027532ead52","DENIED","Nomor plat tidak terdaftar untuk user ini","CAR","B7970SSH","2025-08-07T19:12:34.323Z"
"6894fae9c974f77be696a3c7","61324423","688f571e3f78d027532ead52","DENIED","Nomor plat tidak terdaftar untuk user ini","CAR","B7970SSH","2025-08-07T19:13:45.196Z"
"6894fb86c974f77be696a3c8","61324423","688f571e3f78d027532ead52","DENIED","Nomor plat tidak terdaftar untuk user ini","CAR","K141KU","2025-08-07T19:16:22.843Z"
"6894fb9cc974f77be696a3c9","61324423","688f571e3f78d027532ead52","DENIED","Nomor plat tidak terdaftar untuk user ini","BIKE","DK3103AEB","2025-08-07T19:16:44.991Z"
"68959392d688c15e821a3363","9e84ce05","683be4831cd41fe74b91c583","GRANTED",,"NO_VEHICLE",,"2025-08-08T06:05:06.205Z"
"689593a1d688c15e821a3364","9e84ce05","683be4831cd41fe74b91c583","GRANTED",,"NO_VEHICLE",,"2025-08-08T06:05:21.442Z"
"68959401d688c15e821a3365","9e84ce05","683be4831cd41fe74b91c583","DENIED","Nomor plat tidak terdaftar untuk user ini","BIKE","DK3103AEB","2025-08-08T06:06:57.824Z"
"6895a013d688c15e821a3366","9e84ce05","683be4831cd41fe74b91c583","DENIED","Nomor plat tidak terdeteksi","BIKE",,"2025-08-08T06:58:27.099Z"
"6895a044d688c15e821a3367","9e84ce05","683be4831cd41fe74b91c583","DENIED","Nomor plat tidak terdaftar untuk user ini","BIKE","DK3103AEB","2025-08-08T06:59:16.082Z"
"6895a062d688c15e821a3368","9e84ce05","683be4831cd41fe74b91c583","GRANTED",,"BIKE","DK3103AEB","2025-08-08T06:59:46.551Z"
"6895a075d688c15e821a3369","9e84ce05","683be4831cd41fe74b91c583","GRANTED",,,,"2025-08-08T07:00:05.004Z"
"6895a2e0d688c15e821a336a","c4df4202","683be4a11cd41fe74b91c584","DENIED","User tidak aktif",,,"2025-08-08T07:10:24.875Z"
"6895a2e3d688c15e821a336b","6b403c02","683d1ac36fae55f399ce5f19","DENIED","User tidak aktif",,,"2025-08-08T07:10:27.191Z"
"6895a2e7d688c15e821a336c","6b403c02","683d1ac36fae55f399ce5f19","DENIED","User tidak aktif",,,"2025-08-08T07:10:31.779Z"
"6895a2efd688c15e821a336d","c4df4202","683be4a11cd41fe74b91c584","DENIED","User tidak aktif",,,"2025-08-08T07:10:39.569Z"
"6895a331d688c15e821a336e","9e84ce05","683be4831cd41fe74b91c583","GRANTED",,,,"2025-08-08T07:11:45.210Z"
"6895a3d2d688c15e821a336f","6b403c02","683d1ac36fae55f399ce5f19","DENIED","User tidak aktif",,,"2025-08-08T07:14:26.997Z"
"6895a3e4d688c15e821a3370","c4df4202","683be4a11cd41fe74b91c584","DENIED","User tidak aktif",,,"2025-08-08T07:14:44.176Z"
"6895a3efd688c15e821a3371","9e84ce05","683be4831cd41fe74b91c583","GRANTED",,,,"2025-08-08T07:14:55.383Z"
"6895a423d688c15e821a3372","9e84ce05","683be4831cd41fe74b91c583","GRANTED",,"BIKE","DK3103AEB","2025-08-08T07:15:47.646Z"
"68968c98c6e967a37dc4594a","9e84ce05","683be4831cd41fe74b91c583","GRANTED",,"NO_VEHICLE",,"2025-08-08T23:47:36.910Z"
"68968cebc6e967a37dc4594b","6b403c02","683d1ac36fae55f399ce5f19","DENIED","User tidak aktif","CAR","71909NRK","2025-08-08T23:48:59.412Z"
"68968cfcc6e967a37dc4594c","9e84ce05","683be4831cd41fe74b91c583","GRANTED",,"BIKE","DK3103AEB","2025-08-08T23:49:16.959Z"
"68968d10c6e967a37dc4594d","9e84ce05","683be4831cd41fe74b91c583","GRANTED",,"NO_VEHICLE",,"2025-08-08T23:49:36.209Z"
"68968d7fc6e967a37dc4594e","9e84ce05","683be4831cd41fe74b91c583","GRANTED",,"NO_VEHICLE",,"2025-08-08T23:51:27.753Z"
"68968f5fc6e967a37dc4594f","9e84ce05","683be4831cd41fe74b91c583","GRANTED",,"NO_VEHICLE",,"2025-08-08T23:59:27.645Z"
"689690c7c6e967a37dc45950","6b403c02","683d1ac36fae55f399ce5f19","DENIED","User tidak aktif","NO_VEHICLE",,"2025-08-09T00:05:27.051Z"
"689690c9c6e967a37dc45951","6b403c02","683d1ac36fae55f399ce5f19","DENIED","User tidak aktif","NO_VEHICLE",,"2025-08-09T00:05:29.280Z"
"689690cdc6e967a37dc45952","6b403c02","683d1ac36fae55f399ce5f19","DENIED","User tidak aktif","NO_VEHICLE",,"2025-08-09T00:05:33.516Z"
"68969173c6e967a37dc45953","c4df4202","683be4a11cd41fe74b91c584","DENIED","User tidak aktif","NO_VEHICLE",,"2025-08-09T00:08:19.099Z"
"6896917ac6e967a37dc45954","9e84ce05","683be4831cd41fe74b91c583","GRANTED",,"NO_VEHICLE",,"2025-08-09T00:08:26.125Z"
"68969225c6e967a37dc45955","9e84ce05","683be4831cd41fe74b91c583","DENIED","Nomor plat tidak terdeteksi","CAR",,"2025-08-09T00:11:17.724Z"
"6896945fc6e967a37dc45956","9e84ce05","683be4831cd41fe74b91c583","GRANTED",,"NO_VEHICLE",,"2025-08-09T00:20:47.442Z"
"6896947fc6e967a37dc45957","9e84ce05","683be4831cd41fe74b91c583","DENIED","Nomor plat tidak terdaftar untuk user ini","CAR","B1169ZZH","2025-08-09T00:21:19.614Z"
"689694cfc6e967a37dc45958","9e84ce05","683be4831cd41fe74b91c583","GRANTED",,"BIKE","DK3103AEB","2025-08-09T00:22:39.461Z"
"68969635c6e967a37dc45959","9e84ce05","683be4831cd41fe74b91c583","GRANTED",,"BIKE","DK3103AEB","2025-08-09T00:28:37.094Z"
"6896964bc6e967a37dc4595a","c4df4202","683be4a11cd41fe74b91c584","DENIED","User tidak aktif","BIKE","DK3103AEB","2025-08-09T00:28:59.635Z"
"6896965fc6e967a37dc4595b","6b403c02","683d1ac36fae55f399ce5f19","DENIED","User tidak aktif","BIKE","DK3103AEB","2025-08-09T00:29:19.246Z"
"689696a1c6e967a37dc4595c","9e84ce05","683be4831cd41fe74b91c583","GRANTED",,"BIKE","DK3103AEB","2025-08-09T00:30:25.102Z"
"689696f6c6e967a37dc4595d","9e84ce05","683be4831cd41fe74b91c583","DENIED","Nomor plat tidak terdaftar untuk user ini","CAR","B1169ZZH","2025-08-09T00:31:50.882Z"
"68969731c6e967a37dc4595e","9e84ce05","683be4831cd41fe74b91c583","DENIED","Nomor plat tidak terdaftar untuk user ini","CAR","B1169ZZH","2025-08-09T00:32:49.860Z"
"68969768c6e967a37dc4595f","9e84ce05","683be4831cd41fe74b91c583","GRANTED",,"CAR","B1169ZZH","2025-08-09T00:33:44.912Z"
"689697c2c6e967a37dc45960","6b403c02","683d1ac36fae55f399ce5f19","GRANTED",,"CAR","B1169ZZH","2025-08-09T00:35:14.384Z"
"689697d9c6e967a37dc45961","c4df4202","683be4a11cd41fe74b91c584","DENIED","User tidak aktif","CAR","B1169ZZH","2025-08-09T00:35:37.342Z"
"68969809c6e967a37dc45962","9e84ce05","683be4831cd41fe74b91c583","GRANTED",,"CAR","B1169ZZH","2025-08-09T00:36:25.102Z"
"68969a25c6e967a37dc45963","6b403c02","683d1ac36fae55f399ce5f19","GRANTED",,"CAR","B1169ZZH","2025-08-09T00:45:25.663Z"
"68969c13c6e967a37dc45964","9e84ce05","683be4831cd41fe74b91c583","GRANTED",,"NO_VEHICLE",,"2025-08-09T00:53:39.108Z"
"68969c1fc6e967a37dc45965","9e84ce05","683be4831cd41fe74b91c583","GRANTED",,"NO_VEHICLE",,"2025-08-09T00:53:51.358Z"
"68969c42c6e967a37dc45966","9e84ce05","683be4831cd41fe74b91c583","GRANTED",,"CAR","B1169ZZH","2025-08-09T00:54:26.240Z"
"68969cb4c6e967a37dc45967","9e84ce05","683be4831cd41fe74b91c583","GRANTED",,"CAR","B1169ZZH","2025-08-09T00:56:20.743Z"
"68969cd5c6e967a37dc45968","9e84ce05","683be4831cd41fe74b91c583","GRANTED",,"NO_VEHICLE",,"2025-08-09T00:56:53.576Z"
"68969d7fc6e967a37dc45969","6b403c02","683d1ac36fae55f399ce5f19","GRANTED",,"NO_VEHICLE",,"2025-08-09T00:59:43.564Z"
"68969d9cc6e967a37dc4596a","9e84ce05","683be4831cd41fe74b91c583","GRANTED",,"CAR","B1169ZZH","2025-08-09T01:00:12.939Z"
"68969e4fc6e967a37dc4596b","9e84ce05","683be4831cd41fe74b91c583","GRANTED",,"NO_VEHICLE",,"2025-08-09T01:03:11.237Z"
"68969e71c6e967a37dc4596c","9e84ce05","683be4831cd41fe74b91c583","GRANTED",,"BIKE","DK3103AEB","2025-08-09T01:03:45.813Z"
"68969facc6e967a37dc4596d","4e2549c5","68830adddc56fbfe39314ec4","DENIED","Nomor plat tidak terdaftar untuk user ini","BIKE","DK3103AEB","2025-08-09T01:09:00.492Z"
"68969fedc6e967a37dc4596e","c4df4202","683be4a11cd41fe74b91c584","DENIED","User tidak aktif","BIKE","DK3103AEB","2025-08-09T01:10:05.227Z"
"6896a02bc6e967a37dc4596f","c4df4202","683be4a11cd41fe74b91c584","DENIED","User tidak aktif","BIKE","DK3103AEB","2025-08-09T01:11:07.115Z"
"6896a198c6e967a37dc45970","9e84ce05","683be4831cd41fe74b91c583","GRANTED",,"BIKE","DK3103AEB","2025-08-09T01:17:12.921Z"
"6896a1b6c6e967a37dc45971","9e84ce05","683be4831cd41fe74b91c583","GRANTED",,"BIKE","DK3103AEB","2025-08-09T01:17:42.403Z"
"6896a1e5c6e967a37dc45972","9e84ce05","683be4831cd41fe74b91c583","GRANTED",,"NO_VEHICLE",,"2025-08-09T01:18:29.721Z"
"6896a690c6e967a37dc45973","9e84ce05","683be4831cd41fe74b91c583","GRANTED",,,,"2025-08-09T01:38:24.779Z"
"6896a698c6e967a37dc45974","9e84ce05","683be4831cd41fe74b91c583","GRANTED",,,,"2025-08-09T01:38:32.854Z"
"6896a6abc6e967a37dc45975","9e84ce05","683be4831cd41fe74b91c583","GRANTED",,"NO_VEHICLE",,"2025-08-09T01:38:51.063Z"
"6896a6c4c6e967a37dc45976","9e84ce05","683be4831cd41fe74b91c583","GRANTED",,"NO_VEHICLE",,"2025-08-09T01:39:16.878Z"
"6896a6d6c6e967a37dc45977","9e84ce05","683be4831cd41fe74b91c583","GRANTED",,"NO_VEHICLE",,"2025-08-09T01:39:34.978Z"
"6896a6e8c6e967a37dc45978","9e84ce05","683be4831cd41fe74b91c583","GRANTED",,"NO_VEHICLE",,"2025-08-09T01:39:52.724Z"
"6896a6fec6e967a37dc45979","9e84ce05","683be4831cd41fe74b91c583","GRANTED",,"NO_VEHICLE",,"2025-08-09T01:40:14.813Z"
"6896a82fc6e967a37dc4597a","9e84ce05","683be4831cd41fe74b91c583","GRANTED",,"BIKE","DK5568PS","2025-08-09T01:45:19.387Z"
"6896aa5ac6e967a37dc4597b","02108555844000","68831795dc56fbfe39314ed1","DENIED","Nomor plat tidak terdaftar untuk user ini","BIKE","DK5568PS","2025-08-09T01:54:34.685Z"
"6896aa6ec6e967a37dc4597c","02108555844000","68831795dc56fbfe39314ed1","DENIED","Nomor plat tidak terdaftar untuk user ini","BIKE","DK5568PS","2025-08-09T01:54:54.088Z"
"6896aa89c6e967a37dc4597d","02108555844000","68831795dc56fbfe39314ed1","DENIED","Nomor plat tidak terdaftar untuk user ini","BIKE","DK5568PS","2025-08-09T01:55:21.993Z"
"6896aab2c6e967a37dc4597e","02108555844000","68831795dc56fbfe39314ed1","GRANTED",,"BIKE","DK5568PS","2025-08-09T01:56:02.396Z"
"6896aac0c6e967a37dc4597f","02108555844000","68831795dc56fbfe39314ed1","GRANTED",,,,"2025-08-09T01:56:16.555Z"
"6896aacfc6e967a37dc45980","02108555844000","68831795dc56fbfe39314ed1","DENIED","Nomor plat tidak terdaftar untuk user ini","CAR","B1169ZZH","2025-08-09T01:56:31.551Z"
"6896aae2c6e967a37dc45981","02108555844000","68831795dc56fbfe39314ed1","DENIED","Nomor plat tidak terdaftar untuk user ini","CAR","B1169ZZH","2025-08-09T01:56:50.909Z"
"6896aafec6e967a37dc45982","c4df4202","683be4a11cd41fe74b91c584","DENIED","User tidak aktif","NO_VEHICLE",,"2025-08-09T01:57:18.648Z"
"6896afff701e4eda6f990dbe","9e84ce05","683be4831cd41fe74b91c583","GRANTED",,"NO_VEHICLE",,"2025-08-09T02:18:39.775Z"
"6896b00c701e4eda6f990dbf","9e84ce05","683be4831cd41fe74b91c583","GRANTED",,"NO_VEHICLE",,"2025-08-09T02:18:52.195Z"
"6896b029701e4eda6f990dc0","9e84ce05","683be4831cd41fe74b91c583","GRANTED",,"NO_VEHICLE",,"2025-08-09T02:19:21.913Z"
"6896b087701e4eda6f990dc1","9e84ce05","683be4831cd41fe74b91c583","DENIED","Nomor plat tidak terdeteksi","CAR",,"2025-08-09T02:20:55.922Z"
"6896b0c6701e4eda6f990dc2","9e84ce05","683be4831cd41fe74b91c583","GRANTED",,"CAR","B1169ZZH","2025-08-09T02:21:58.733Z"
"6896b15a701e4eda6f990dc3","9e84ce05","683be4831cd41fe74b91c583","GRANTED",,"CAR","B1169ZZH","2025-08-09T02:24:26.655Z"
"6896b256701e4eda6f990dc4","9e84ce05","683be4831cd41fe74b91c583","GRANTED",,"CAR","B1169ZZH","2025-08-09T02:28:38.747Z"
"6896bc2f701e4eda6f990dc5","9e84ce05","683be4831cd41fe74b91c583","GRANTED",,"NO_VEHICLE",,"2025-08-09T03:10:39.414Z"
"6896bd2d701e4eda6f990dc6","9e84ce05","683be4831cd41fe74b91c583","GRANTED",,"NO_VEHICLE",,"2025-08-09T03:14:53.752Z"
"6896bd4f701e4eda6f990dc7","9e84ce05","683be4831cd41fe74b91c583","GRANTED",,"CAR","B1169ZZH","2025-08-09T03:15:27.347Z"
"689842e74416f93ef7ec8c8a","6b403c02","683d1ac36fae55f399ce5f19","DENIED","Nomor plat tidak terdeteksi","BIKE",,"2025-08-10T06:57:43.540Z"
"689844e04416f93ef7ec8c8b","4e2549c5","68830adddc56fbfe39314ec4","DENIED","Nomor plat tidak terdeteksi","BIKE",,"2025-08-10T07:06:08.818Z"
"689844f24416f93ef7ec8c8c","4e2549c5","68830adddc56fbfe39314ec4","GRANTED",,"NO_VEHICLE",,"2025-08-10T07:06:26.370Z"
"689846f54416f93ef7ec8c8d","6b403c02","683d1ac36fae55f399ce5f19","DENIED","Nomor plat tidak terdeteksi","BIKE",,"2025-08-10T07:15:01.931Z"
"689846fd4416f93ef7ec8c8e","6b403c02","683d1ac36fae55f399ce5f19","GRANTED",,"NO_VEHICLE",,"2025-08-10T07:15:09.831Z"
"6898472e4416f93ef7ec8c8f","6b403c02","683d1ac36fae55f399ce5f19","DENIED","Nomor plat tidak terdeteksi","BIKE",,"2025-08-10T07:15:58.853Z"
"6898474c4416f93ef7ec8c90","6b403c02","683d1ac36fae55f399ce5f19","DENIED","Nomor plat tidak terdeteksi","BIKE",,"2025-08-10T07:16:28.210Z"
"689847af4416f93ef7ec8c91","6b403c02","683d1ac36fae55f399ce5f19","DENIED","Nomor plat tidak terdeteksi","CAR",,"2025-08-10T07:18:07.920Z"
"689847d54416f93ef7ec8c92","6b403c02","683d1ac36fae55f399ce5f19","DENIED","Nomor plat tidak terdeteksi","CAR",,"2025-08-10T07:18:45.989Z"
"689848364416f93ef7ec8c93","6b403c02","683d1ac36fae55f399ce5f19","DENIED","Nomor plat tidak terdeteksi","BIKE",,"2025-08-10T07:20:22.095Z"
"68984e394416f93ef7ec8c94","6b403c02","683d1ac36fae55f399ce5f19","DENIED","Nomor plat tidak terdeteksi","BIKE",,"2025-08-10T07:46:01.073Z"
"68984f004416f93ef7ec8c95","6b403c02","683d1ac36fae55f399ce5f19","DENIED","Nomor plat tidak terdeteksi","BIKE",,"2025-08-10T07:49:20.232Z"
"68985c634416f93ef7ec8c96","c4df4202","683be4a11cd41fe74b91c584","DENIED","User tidak aktif","BIKE",,"2025-08-10T08:46:27.063Z"
"68985cb54416f93ef7ec8c97","9e84ce05","683be4831cd41fe74b91c583","GRANTED",,"NO_VEHICLE",,"2025-08-10T08:47:49.078Z"
"689863e24416f93ef7ec8c98","9e84ce05","683be4831cd41fe74b91c583","GRANTED",,"NO_VEHICLE",,"2025-08-10T09:18:26.347Z"
"689867a34416f93ef7ec8c99","9e84ce05","683be4831cd41fe74b91c583","GRANTED",,"BIKE","DK3103AEB","2025-08-10T09:34:27.568Z"
"689872ea4416f93ef7ec8c9a","9e84ce05","683be4831cd41fe74b91c583","GRANTED",,"NO_VEHICLE",,"2025-08-10T10:22:34.508Z"
"68988fb94416f93ef7ec8c9b","c4df4202","683be4a11cd41fe74b91c584","DENIED","User tidak aktif","NO_VEHICLE",,"2025-08-10T12:25:29.901Z"
"6898941e4416f93ef7ec8c9c","4e2549c5","68830adddc56fbfe39314ec4","GRANTED",,"NO_VEHICLE",,"2025-08-10T12:44:14.652Z"
"689b714708bcd0191ed72827","61324423","688f571e3f78d027532ead52","DENIED","Nomor plat tidak terdeteksi","BIKE",,"2025-08-12T16:52:23.580Z"
"689c071e18a05a9217cf278a","61324423","688f571e3f78d027532ead52","DENIED","Nomor plat tidak terdeteksi","BIKE",,"2025-08-13T03:31:42.423Z"
"689c073e18a05a9217cf278b","61324423","688f571e3f78d027532ead52","DENIED","Nomor plat tidak terdaftar untuk user ini","BIKE","DK6715PXI","2025-08-13T03:32:14.395Z"
"689c08e38703f5bc94863208","61324423","688f571e3f78d027532ead52","GRANTED",,"MOTORBIKE",,"2025-08-13T03:39:15.963Z"
"689c08f48703f5bc94863209","61324423","688f571e3f78d027532ead52","DENIED","Nomor plat tidak terdeteksi","BIKE",,"2025-08-13T03:39:32.716Z"
"689c098515dfcdc95baceee6","61324423","688f571e3f78d027532ead52","GRANTED",,"BIKE",,"2025-08-13T03:41:57.579Z"
"689c09cc15dfcdc95baceee7","61324423","688f571e3f78d027532ead52","DENIED","Nomor plat tidak terdaftar untuk user ini","MOTORBIKE","DK3103AEB","2025-08-13T03:43:08.993Z"
"689cd08e7f30a5b5f273f195","4e2549c51","689180a3b1257f80019f4ff2","DENIED","Nomor plat tidak terdaftar untuk user ini","CAR","B1169ZZH","2025-08-13T17:51:10.712Z"
"689cd0a47f30a5b5f273f196","4e2549c51","689180a3b1257f80019f4ff2","GRANTED",,,,"2025-08-13T17:51:32.802Z"
"689cd25d7f30a5b5f273f197","4e2549c51","689180a3b1257f80019f4ff2","DENIED","Nomor plat tidak terdaftar untuk user ini","MOTORBIKE","DK5568PS","2025-08-13T17:58:53.577Z"
"689cd2807f30a5b5f273f198","4e2549c51","689180a3b1257f80019f4ff2","DENIED","Nomor plat tidak terdaftar untuk user ini","CAR","141KU","2025-08-13T17:59:28.146Z"
"689cd2957f30a5b5f273f199","4e2549c51","689180a3b1257f80019f4ff2","DENIED","Nomor plat tidak terdaftar untuk user ini","CAR","141KU","2025-08-13T17:59:49.951Z"
"689cd2af7f30a5b5f273f19a","4e2549c51","689180a3b1257f80019f4ff2","DENIED","Nomor plat tidak terdaftar untuk user ini","CAR","141KU","2025-08-13T18:00:15.319Z"
"689cd2c97f30a5b5f273f19b","4e2549c51","689180a3b1257f80019f4ff2","DENIED","Nomor plat tidak terdaftar untuk user ini","CAR","141KU","2025-08-13T18:00:41.864Z"
"689cd2d97f30a5b5f273f19c","4e2549c51","689180a3b1257f80019f4ff2","DENIED","Nomor plat tidak terdaftar untuk user ini","CAR","141KU","2025-08-13T18:00:57.605Z"
"689cd3087f30a5b5f273f19d","4e2549c51","689180a3b1257f80019f4ff2","DENIED","Nomor plat tidak terdaftar untuk user ini","CAR","141KU","2025-08-13T18:01:44.594Z"
"689cd4507f30a5b5f273f19e","4e2549c51","689180a3b1257f80019f4ff2","DENIED","Nomor plat tidak terdaftar untuk user ini","CAR","141KU","2025-08-13T18:07:12.698Z"
"689cd46e7f30a5b5f273f19f","4e2549c51","689180a3b1257f80019f4ff2","DENIED","Nomor plat tidak terdaftar untuk user ini","MOTORBIKE","@K5568PS","2025-08-13T18:07:42.194Z"
"689cd4c87f30a5b5f273f1a0","4e2549c51","689180a3b1257f80019f4ff2","DENIED","Nomor plat tidak terdaftar untuk user ini","MOTORBIKE","DK;5568PS","2025-08-13T18:09:12.483Z"
"689cd50d7f30a5b5f273f1a1","4e2549c51","689180a3b1257f80019f4ff2","DENIED","Nomor plat tidak terdaftar untuk user ini","MOTORBIKE","DK5568PS","2025-08-13T18:10:21.684Z"
"689cd63c7f30a5b5f273f1a2","4e2549c51","689180a3b1257f80019f4ff2","DENIED","Nomor plat tidak terdaftar untuk user ini","MOTORBIKE","DK5568PS","2025-08-13T18:15:24.666Z"
"689cd65d7f30a5b5f273f1a3","4e2549c51","689180a3b1257f80019f4ff2","DENIED","Nomor plat tidak terdaftar untuk user ini","MOTORBIKE","DK5568PS","2025-08-13T18:15:57.963Z"
"689cd66f7f30a5b5f273f1a4","4e2549c51","689180a3b1257f80019f4ff2","DENIED","Nomor plat tidak terdaftar untuk user ini","CAR","141KU","2025-08-13T18:16:15.599Z"
"689cd7197f30a5b5f273f1a5","4e2549c51","689180a3b1257f80019f4ff2","DENIED","Nomor plat tidak terdeteksi","CAR",,"2025-08-13T18:19:05.395Z"
"689cd73c7f30a5b5f273f1a6","4e2549c51","689180a3b1257f80019f4ff2","DENIED","Nomor plat tidak terdeteksi","CAR",,"2025-08-13T18:19:40.689Z"
"689cd7627f30a5b5f273f1a7","4e2549c51","689180a3b1257f80019f4ff2","DENIED","Nomor plat tidak terdeteksi","CAR",,"2025-08-13T18:20:18.636Z"
"689cd77a7f30a5b5f273f1a8","4e2549c51","689180a3b1257f80019f4ff2","DENIED","Nomor plat tidak terdaftar untuk user ini","CAR","J4","2025-08-13T18:20:42.664Z"
"689cd78f7f30a5b5f273f1a9","4e2549c51","689180a3b1257f80019f4ff2","DENIED","Nomor plat tidak terdaftar untuk user ini","CAR","141KU","2025-08-13T18:21:03.050Z"
"689cd7c47f30a5b5f273f1aa","4e2549c51","689180a3b1257f80019f4ff2","DENIED","Nomor plat tidak terdeteksi","CAR",,"2025-08-13T18:21:56.393Z"
"689cd8297f30a5b5f273f1ab","4e2549c51","689180a3b1257f80019f4ff2","DENIED","Nomor plat tidak terdaftar untuk user ini","CAR","B1169ZZH","2025-08-13T18:23:37.650Z"
"689cd89e7f30a5b5f273f1ac","4e2549c51","689180a3b1257f80019f4ff2","DENIED","Nomor plat tidak terdaftar untuk user ini","CAR","B1127PGK","2025-08-13T18:25:34.686Z"
"689cda267f30a5b5f273f1ad","4e2549c51","689180a3b1257f80019f4ff2","DENIED","Nomor plat tidak terdaftar untuk user ini","CAR","B1127PGK","2025-08-13T18:32:06.760Z"
"689cda667f30a5b5f273f1ae","4e2549c51","689180a3b1257f80019f4ff2","GRANTED",,,,"2025-08-13T18:33:10.445Z"
"689cdb0b7f30a5b5f273f1af","4e2549c51","689180a3b1257f80019f4ff2","GRANTED",,,,"2025-08-13T18:35:55.112Z"
"689cdb177f30a5b5f273f1b0","4e2549c51","689180a3b1257f80019f4ff2","DENIED","Nomor plat tidak terdaftar untuk user ini","CAR","B1127PGK","2025-08-13T18:36:07.970Z"
"689cdb6a7f30a5b5f273f1b1","4e2549c51","689180a3b1257f80019f4ff2","DENIED","Nomor plat tidak terdaftar untuk user ini","CAR","B1127PGK","2025-08-13T18:37:30.858Z"
"689cdb7e7f30a5b5f273f1b2","4e2549c51","689180a3b1257f80019f4ff2","DENIED","Nomor plat tidak terdaftar untuk user ini","CAR","B1127PGK","2025-08-13T18:37:50.615Z"
"689cdba17f30a5b5f273f1b3","4e2549c51","689180a3b1257f80019f4ff2","GRANTED",,,,"2025-08-13T18:38:25.351Z"
"689cdba57f30a5b5f273f1b4","4e2549c51","689180a3b1257f80019f4ff2","GRANTED",,,,"2025-08-13T18:38:29.556Z"
"689cdbbb7f30a5b5f273f1b5","4e2549c51","689180a3b1257f80019f4ff2","GRANTED",,,,"2025-08-13T18:38:51.540Z"
"689cdbd27f30a5b5f273f1b6","4e2549c51","689180a3b1257f80019f4ff2","GRANTED",,,,"2025-08-13T18:39:14.665Z"
"689cdbd47f30a5b5f273f1b7","4e2549c51","689180a3b1257f80019f4ff2","GRANTED",,,,"2025-08-13T18:39:16.547Z"
"689cdbf17f30a5b5f273f1b8","4e2549c51","689180a3b1257f80019f4ff2","GRANTED",,,,"2025-08-13T18:39:45.257Z"
"689cdbf87f30a5b5f273f1b9","4e2549c51","689180a3b1257f80019f4ff2","GRANTED",,,,"2025-08-13T18:39:52.913Z"
"689cdc187f30a5b5f273f1ba","4e2549c51","689180a3b1257f80019f4ff2","GRANTED",,,,"2025-08-13T18:40:24.914Z"
"689cdc277f30a5b5f273f1bb","4e2549c51","689180a3b1257f80019f4ff2","GRANTED",,,,"2025-08-13T18:40:39.156Z"
"689cdc2d7f30a5b5f273f1bc","4e2549c51","689180a3b1257f80019f4ff2","GRANTED",,,,"2025-08-13T18:40:45.977Z"
"689cdc337f30a5b5f273f1bd","4e2549c51","689180a3b1257f80019f4ff2","GRANTED",,,,"2025-08-13T18:40:51.674Z"
"689cdc437f30a5b5f273f1be","4e2549c51","689180a3b1257f80019f4ff2","GRANTED",,,,"2025-08-13T18:41:07.011Z"
"689cdc527f30a5b5f273f1bf","4e2549c51","689180a3b1257f80019f4ff2","DENIED","Nomor plat tidak terdaftar untuk user ini","CAR","B1127PGK","2025-08-13T18:41:22.229Z"
"689cdcb77f30a5b5f273f1c0","4e2549c51","689180a3b1257f80019f4ff2","DENIED","Nomor plat tidak terdaftar untuk user ini","CAR","B1127PGK","2025-08-13T18:43:03.372Z"
"689cdcba7f30a5b5f273f1c1","4e2549c51","689180a3b1257f80019f4ff2","GRANTED",,,,"2025-08-13T18:43:06.749Z"
"689cddb37f30a5b5f273f1c2","4e2549c51","689180a3b1257f80019f4ff2","GRANTED",,"NO_VEHICLE",,"2025-08-13T18:47:15.912Z"
"689cddb97f30a5b5f273f1c3","4e2549c51","689180a3b1257f80019f4ff2","GRANTED",,"NO_VEHICLE",,"2025-08-13T18:47:21.831Z"
"689cddc07f30a5b5f273f1c4","4e2549c51","689180a3b1257f80019f4ff2","GRANTED",,,,"2025-08-13T18:47:28.559Z"
"689cddcf7f30a5b5f273f1c5","4e2549c51","689180a3b1257f80019f4ff2","GRANTED",,,,"2025-08-13T18:47:43.569Z"
"689cddd47f30a5b5f273f1c6","4e2549c51","689180a3b1257f80019f4ff2","GRANTED",,,,"2025-08-13T18:47:48.784Z"
"689cdde27f30a5b5f273f1c7","4e2549c51","689180a3b1257f80019f4ff2","DENIED","Nomor plat tidak terdaftar untuk user ini","CAR","B1127PGK","2025-08-13T18:48:02.294Z"
"689cdde77f30a5b5f273f1c8","4e2549c51","689180a3b1257f80019f4ff2","GRANTED",,"NO_VEHICLE",,"2025-08-13T18:48:07.461Z"
"689cde377f30a5b5f273f1c9","4e2549c51","689180a3b1257f80019f4ff2","DENIED","Nomor plat tidak terdaftar untuk user ini","CAR","B1127PGK","2025-08-13T18:49:27.361Z"
"68a1ca316d01dad9ba0b8966","c4df4202","683be4a11cd41fe74b91c584","DENIED","User tidak aktif","CAR","B1127PGK","2025-08-17T12:25:21.085Z"
"68a1ca496d01dad9ba0b8967","c4df4202","683be4a11cd41fe74b91c584","DENIED","User tidak aktif","CAR","B1127PGK","2025-08-17T12:25:45.163Z"
"68a1ca576d01dad9ba0b8968","c4df4202","683be4a11cd41fe74b91c584","DENIED","User tidak aktif","CAR","B1127PGK","2025-08-17T12:25:59.276Z"
"68a1cae66d01dad9ba0b8969","6b403c02","683d1ac36fae55f399ce5f19","DENIED","Nomor plat tidak terdaftar untuk user ini","CAR","B1127PGK","2025-08-17T12:28:22.051Z"
"68a1e9859e3e35842d53a9bd","c4df4202","683be4a11cd41fe74b91c584","DENIED","User tidak aktif","BIKE",,"2025-08-17T14:39:01.993Z"
"68a1e9b09e3e35842d53a9be","c4df4202","683be4a11cd41fe74b91c584","DENIED","User tidak aktif","NO_VEHICLE",,"2025-08-17T14:39:44.245Z"
"68a1f3599e3e35842d53a9bf","9e84ce05","683be4831cd41fe74b91c583","GRANTED",,"NO_VEHICLE",,"2025-08-17T15:20:57.833Z"
"68a296f07b53e1f711976b40","9e84ce05","683be4831cd41fe74b91c583","GRANTED",,"NO_VEHICLE",,"2025-08-18T02:58:56.972Z"
"68a2997a7b53e1f711976b41","9e84ce05","683be4831cd41fe74b91c583","GRANTED",,"NO_VEHICLE",,"2025-08-18T03:09:46.911Z"
"68a2ea9055fe2b2f28afb871","6b403c02","683d1ac36fae55f399ce5f19","GRANTED",,"NO_VEHICLE",,"2025-08-18T08:55:44.457Z"
"68a300f955fe2b2f28afb872","9e84ce05","683be4831cd41fe74b91c583","GRANTED",,"NO_VEHICLE",,"2025-08-18T10:31:21.233Z"
"68a3015c55fe2b2f28afb873","4e2549c5","68830adddc56fbfe39314ec4","DENIED","Nomor plat tidak terdaftar untuk user ini","CAR","B1127PGK","2025-08-18T10:33:00.697Z"
"68a307d055fe2b2f28afb874","9e84ce05","683be4831cd41fe74b91c583","DENIED","Nomor plat tidak terdaftar untuk user ini","CAR","B1127PGK","2025-08-18T11:00:32.663Z"
"68a3158255fe2b2f28afb875","9e84ce05","683be4831cd41fe74b91c583","DENIED","Nomor plat tidak terdaftar untuk user ini","CAR","B1127PGK","2025-08-18T11:58:58.599Z"
"68a31baf55fe2b2f28afb876","4e2549c51","689180a3b1257f80019f4ff2","DENIED","Nomor plat tidak terdaftar untuk user ini","CAR","B1127PGK","2025-08-18T12:25:19.797Z"
"68a4441e37e8a5017fc9ab98","c4df4202","683be4a11cd41fe74b91c584","DENIED","User tidak aktif","CAR","B1169ZZH","2025-08-19T09:30:06.801Z"
"68a4446737e8a5017fc9ab99","9e84ce05","683be4831cd41fe74b91c583","GRANTED",,"CAR","B1169ZZH","2025-08-19T09:31:19.596Z"
"68a4447437e8a5017fc9ab9a","4e2549c5","68830adddc56fbfe39314ec4","DENIED","Nomor plat tidak terdaftar untuk user ini","CAR","B1169ZZH","2025-08-19T09:31:32.687Z"
"68a4450337e8a5017fc9ab9b","9e84ce05","683be4831cd41fe74b91c583","GRANTED",,"NO_VEHICLE",,"2025-08-19T09:33:55.720Z"
"68a4470837e8a5017fc9ab9c","9e84ce05","683be4831cd41fe74b91c583","GRANTED",,"NO_VEHICLE",,"2025-08-19T09:42:32.682Z"
"68a44d6137e8a5017fc9ab9d","9e84ce05","683be4831cd41fe74b91c583","GRANTED",,"NO_VEHICLE",,"2025-08-19T10:09:37.287Z"
"68a451a037e8a5017fc9ab9e","9e84ce05","683be4831cd41fe74b91c583","GRANTED",,"NO_VEHICLE",,"2025-08-19T10:27:44.018Z"
"68a59bb6050a8b2b9e50f843","6b403c02","683d1ac36fae55f399ce5f19","GRANTED",,"NO_VEHICLE",,"2025-08-20T09:56:06.171Z"
"68a5a0a5050a8b2b9e50f844","9e84ce05","683be4831cd41fe74b91c583","GRANTED",,"NO_VEHICLE",,"2025-08-20T10:17:09.421Z"
"68a5a37b050a8b2b9e50f845","6b403c02","683d1ac36fae55f399ce5f19","GRANTED",,"CAR","B1169ZZH","2025-08-20T10:29:15.665Z"
"68a5a426050a8b2b9e50f846","4e2549c5","68830adddc56fbfe39314ec4","DENIED","Nomor plat tidak terdaftar untuk user ini","CAR","B1169ZZH","2025-08-20T10:32:06.548Z"
"68a5afb9050a8b2b9e50f847","9e84ce05","683be4831cd41fe74b91c583","GRANTED",,"CAR","B1169ZZH","2025-08-20T11:21:29.455Z"
"68a5b4e5050a8b2b9e50f848","9e84ce05","683be4831cd41fe74b91c583","GRANTED",,"CAR","B1169ZZH","2025-08-20T11:43:33.936Z"
"68a5b516050a8b2b9e50f849","9e84ce05","683be4831cd41fe74b91c583","GRANTED",,"NO_VEHICLE",,"2025-08-20T11:44:22.300Z"
"68a5bb8c050a8b2b9e50f84a","9e84ce05","683be4831cd41fe74b91c583","GRANTED",,"NO_VEHICLE",,"2025-08-20T12:11:56.305Z"
"68a5bc10050a8b2b9e50f84b","9e84ce05","683be4831cd41fe74b91c583","GRANTED",,"NO_VEHICLE",,"2025-08-20T12:14:08.695Z"
"68a5c63ccfabb2eb5b03179d","9e84ce05","683be4831cd41fe74b91c583","GRANTED",,"NO_VEHICLE",,"2025-08-20T12:57:32.766Z"
"68a5c76ecfabb2eb5b03179e","4e2549c5","68830adddc56fbfe39314ec4","GRANTED",,"NO_VEHICLE",,"2025-08-20T13:02:38.094Z"
"68a5c789cfabb2eb5b03179f","4e2549c5","68830adddc56fbfe39314ec4","GRANTED",,"NO_VEHICLE",,"2025-08-20T13:03:05.084Z"
"68a5c7e1cfabb2eb5b0317a0","4e2549c5","68830adddc56fbfe39314ec4","GRANTED",,"NO_VEHICLE",,"2025-08-20T13:04:33.260Z"
"68a5c86acfabb2eb5b0317a1","4e2549c5","68830adddc56fbfe39314ec4","GRANTED",,"NO_VEHICLE",,"2025-08-20T13:06:50.969Z"
"68a5caa9cfabb2eb5b0317a2","4e2549c5","68830adddc56fbfe39314ec4","GRANTED",,"NO_VEHICLE",,"2025-08-20T13:16:25.311Z"
"68a5cab9cfabb2eb5b0317a3","6b403c02","683d1ac36fae55f399ce5f19","GRANTED",,"NO_VEHICLE",,"2025-08-20T13:16:41.202Z"
"68a5cac0cfabb2eb5b0317a4","c4df4202","683be4a11cd41fe74b91c584","DENIED","User tidak aktif","NO_VEHICLE",,"2025-08-20T13:16:48.711Z"
"68a5cb0dcfabb2eb5b0317a5","6b403c02","683d1ac36fae55f399ce5f19","GRANTED",,"NO_VEHICLE",,"2025-08-20T13:18:05.797Z"
"68a5cb21cfabb2eb5b0317a6","9e84ce05","683be4831cd41fe74b91c583","GRANTED",,"NO_VEHICLE",,"2025-08-20T13:18:25.978Z"
"68a5cbb2cfabb2eb5b0317a7","4e2549c5","68830adddc56fbfe39314ec4","GRANTED",,"NO_VEHICLE",,"2025-08-20T13:20:50.387Z"
"68a6edf048a91c666bfc9c9b","9e84ce05","683be4831cd41fe74b91c583","GRANTED",,"NO_VEHICLE",,"2025-08-21T09:59:12.732Z"
"68a6f2d248a91c666bfc9c9c","9e84ce05","683be4831cd41fe74b91c583","GRANTED",,"CAR","B1169ZZH","2025-08-21T10:20:02.178Z"
"68a6f32b48a91c666bfc9c9d","0e2b1d240c963a",,"DENIED","UID tidak terdaftar","CAR","B1169ZZH","2025-08-21T10:21:31.021Z"
"68a6f38d48a91c666bfc9c9f","0e2b1d240c963a","68a6f37448a91c666bfc9c9e","GRANTED",,"CAR","B1169ZZH","2025-08-21T10:23:09.067Z"
"68a7023048a91c666bfc9ca0","9e84ce05","683be4831cd41fe74b91c583","GRANTED",,"CAR","B1169ZZH","2025-08-21T11:25:36.298Z"
"68a706e848a91c666bfc9ca1","9e84ce05","683be4831cd41fe74b91c583","GRANTED",,"CAR","B1169ZZH","2025-08-21T11:45:44.756Z"
"68a70a2148a91c666bfc9ca2","c4df4202","683be4a11cd41fe74b91c584","DENIED","User tidak aktif","CAR","B1169ZZH","2025-08-21T11:59:29.342Z"
"68a7143a48a91c666bfc9ca3","9e84ce05","683be4831cd41fe74b91c583","GRANTED",,"CAR","B1169ZZH","2025-08-21T12:42:34.859Z"
"68a7146848a91c666bfc9ca4","9e84ce05","683be4831cd41fe74b91c583","GRANTED",,"CAR","B1169ZZH","2025-08-21T12:43:20.897Z"
"68a7148a48a91c666bfc9ca5","9e84ce05","683be4831cd41fe74b91c583","GRANTED",,"CAR","B1169ZZH","2025-08-21T12:43:54.478Z"
"68a71d4848a91c666bfc9ca6","9e84ce05","683be4831cd41fe74b91c583","GRANTED",,"BIKE",,"2025-08-21T13:21:12.938Z"
"68a83f7c1e49f0d6fd7bc375","4e2549c51","689180a3b1257f80019f4ff2","DENIED","Nomor plat tidak terdaftar untuk user ini","CAR","IB1BTZSSKI","2025-08-22T09:59:24.296Z"
"68a83fe31e49f0d6fd7bc376","9e84ce05","683be4831cd41fe74b91c583","DENIED","Nomor plat tidak terdaftar untuk user ini","CAR","IB1BTZSSKI","2025-08-22T10:01:07.780Z"
"68a840bf1e49f0d6fd7bc377","9e84ce05","683be4831cd41fe74b91c583","DENIED","Nomor plat tidak terdaftar untuk user ini","CAR","IB1BTZSSKI","2025-08-22T10:04:47.095Z"
"68a841381e49f0d6fd7bc378","4e2549c51","689180a3b1257f80019f4ff2","DENIED","Nomor plat tidak terdeteksi","CAR",,"2025-08-22T10:06:48.429Z"
"68a8418e1e49f0d6fd7bc379","4e2549c51","689180a3b1257f80019f4ff2","DENIED","Nomor plat tidak terdaftar untuk user ini","CAR","B2562BFD","2025-08-22T10:08:14.903Z"
"68a843121e49f0d6fd7bc37a","9e84ce05","683be4831cd41fe74b91c583","DENIED","Nomor plat tidak terdaftar untuk user ini","CAR","B2562BFD","2025-08-22T10:14:42.248Z"
"68a843631e49f0d6fd7bc37b","9e84ce05","683be4831cd41fe74b91c583","GRANTED",,"CAR","B2562BFD","2025-08-22T10:16:03.407Z"
"68a845ae1e49f0d6fd7bc37c","6b403c02","683d1ac36fae55f399ce5f19","DENIED","Nomor plat tidak terdaftar untuk user ini","CAR","B2562BFD","2025-08-22T10:25:50.488Z"
"68a845ae1e49f0d6fd7bc37d","4e2549c5","68830adddc56fbfe39314ec4","DENIED","Nomor plat tidak terdaftar untuk user ini","CAR","B2562BFD","2025-08-22T10:25:50.705Z"
"68a845af1e49f0d6fd7bc37e","9e84ce05","683be4831cd41fe74b91c583","GRANTED",,"CAR","B2562BFD","2025-08-22T10:25:51.801Z"
"68a84b761e49f0d6fd7bc37f","4e2549c5","68830adddc56fbfe39314ec4","DENIED","Nomor plat tidak terdaftar untuk user ini","CAR","B2562BFD","2025-08-22T10:50:30.795Z"
"68a862f306e07651347f6249","9e84ce05","683be4831cd41fe74b91c583","GRANTED",,"CAR","B2562BFD","2025-08-22T12:30:43.737Z"
"68a8632d06e07651347f624a","9e84ce05","683be4831cd41fe74b91c583","GRANTED",,"CAR","B2562BFD","2025-08-22T12:31:41.034Z"
"68a8635906e07651347f624b","9e84ce05","683be4831cd41fe74b91c583","GRANTED",,"BIKE",,"2025-08-22T12:32:25.826Z"
"68a8696e06e07651347f624c","4e2549c5","68830adddc56fbfe39314ec4","GRANTED",,"BIKE",,"2025-08-22T12:58:22.895Z"
"68a86a4206e07651347f624d","9e84ce05","683be4831cd41fe74b91c583","GRANTED",,"BIKE",,"2025-08-22T13:01:54.030Z"
"68a86a6106e07651347f624e","4e2549c5","68830adddc56fbfe39314ec4","GRANTED",,"BIKE",,"2025-08-22T13:02:25.215Z"
"68a86a6806e07651347f624f","4e2549c5","68830adddc56fbfe39314ec4","GRANTED",,"BIKE",,"2025-08-22T13:02:32.270Z"
"68a86a8f06e07651347f6250","9e84ce05","683be4831cd41fe74b91c583","GRANTED",,"BIKE",,"2025-08-22T13:03:11.103Z"
"68a86a9a06e07651347f6251","9e84ce05","683be4831cd41fe74b91c583","GRANTED",,"BIKE",,"2025-08-22T13:03:22.665Z"
"68a86aaf06e07651347f6252","9e84ce05","683be4831cd41fe74b91c583","GRANTED",,"BIKE",,"2025-08-22T13:03:43.404Z"
"68a86ab106e07651347f6253","4e2549c5","68830adddc56fbfe39314ec4","GRANTED",,"BIKE",,"2025-08-22T13:03:45.400Z"
"68a86ab906e07651347f6254","9e84ce05","683be4831cd41fe74b91c583","GRANTED",,"BIKE",,"2025-08-22T13:03:53.841Z"
"68a86e071a6b3785cd13898e","4e2549c5","68830adddc56fbfe39314ec4","GRANTED",,"BIKE",,"2025-08-22T13:17:59.164Z"
"68a86e371a6b3785cd13898f","4e2549c5","68830adddc56fbfe39314ec4","GRANTED",,"BIKE",,"2025-08-22T13:18:47.481Z"
"68a86e451a6b3785cd138990","c4df4202","683be4a11cd41fe74b91c584","DENIED","User tidak aktif","BIKE",,"2025-08-22T13:19:01.946Z"
"68a86e511a6b3785cd138991","6b403c02","683d1ac36fae55f399ce5f19","GRANTED",,"BIKE",,"2025-08-22T13:19:13.392Z"
"68a870961a6b3785cd138992","4e2549c5","68830adddc56fbfe39314ec4","GRANTED",,"BIKE",,"2025-08-22T13:28:54.262Z"
"68fb08d8de4ce3ce5610de75","61324423","688f571e3f78d027532ead52","DENIED","Nomor plat tidak terdaftar untuk user ini","CAR","[B`T812SSK","2025-10-24T05:04:24.849Z"
"68fb0904b6a6d958b47f4473","61324423","688f571e3f78d027532ead52","DENIED","Nomor plat tidak terdaftar untuk user ini","CAR","[B`T812SSK","2025-10-24T05:05:08.300Z"
"68fb0911f7c5829b25b091b0","61324423","688f571e3f78d027532ead52","GRANTED",,"NO_VEHICLE",,"2025-10-24T05:05:21.252Z"
"6909c24684f946923325bdac","61324423","688f571e3f78d027532ead52","GRANTED",,"BIKE",,"2025-11-04T09:07:18.043Z"
"6909c29584f946923325bdad","61324423","688f571e3f78d027532ead52","GRANTED",,"BIKE",,"2025-11-04T09:08:37.849Z"
"6909c4ff84f946923325bdae","61324423","688f571e3f78d027532ead52","GRANTED",,"BIKE",,"2025-11-04T09:18:55.622Z"
"6919b765359581b6990a27b9","61324423","688f571e3f78d027532ead52","GRANTED",,"BIKE",,"2025-11-16T11:37:09.505Z"
"6919b777359581b6990a27ba","61324423","688f571e3f78d027532ead52","GRANTED",,"NO_VEHICLE",,"2025-11-16T11:37:27.710Z"
"6919b950788e207d6055d489","61324423","688f571e3f78d027532ead52","GRANTED",,"NO_VEHICLE",,"2025-11-16T11:45:20.852Z"
"6919b961788e207d6055d48a","61324423","688f571e3f78d027532ead52","GRANTED",,"BIKE",,"2025-11-16T11:45:37.466Z"
"6919bb63ec5ad5e9d409ed0c","6132442311",,"DENIED","UID tidak terdaftar","BIKE",,"2025-11-16T11:54:11.801Z"
"6919bb861b5bbdc54d5d75d8","6132442311",,"DENIED","UID tidak terdaftar","BIKE",,"2025-11-16T11:54:46.261Z"
"6919bc4a93e25fed39925bd2","6132442311",,"DENIED","UID tidak terdaftar","BIKE",,"2025-11-16T11:58:02.083Z"
"6919bc9393e25fed39925bd3","61324423","688f571e3f78d027532ead52","DENIED","Nomor plat tidak terdaftar untuk user ini","MOTORBIKE","DK5809UBP","2025-11-16T11:59:15.487Z"
"6919bcb293e25fed39925bd4","61324423","688f571e3f78d027532ead52","DENIED","Nomor plat tidak terdaftar untuk user ini","MOTORBIKE","DK5809UBP","2025-11-16T11:59:46.783Z"
"6919bcc493e25fed39925bd5","61324423","688f571e3f78d027532ead52","DENIED","Nomor plat tidak terdaftar untuk user ini","MOTORBIKE","DK5809UBP","2025-11-16T12:00:04.418Z"
"6919bd42f60e57e9628892da","61324423","688f571e3f78d027532ead52","GRANTED",,"BIKE",,"2025-11-16T12:02:10.346Z"
"6919be65f60e57e9628892db","61324423","688f571e3f78d027532ead52","GRANTED",,"NO_VEHICLE",,"2025-11-16T12:07:01.629Z"
"691c2da525f5dbc483963121","61324423","688f571e3f78d027532ead52","GRANTED",,"NO_VEHICLE",,"2025-11-18T08:26:13.833Z"
"6926b425c64090a1dc5f9253","61324423","688f571e3f78d027532ead52","DENIED","Nomor plat tidak terdaftar untuk user ini","MOTORBIKE","@K5568PS","2025-11-26T08:02:45.871Z"
"6926b459c64090a1dc5f9254","61324423","688f571e3f78d027532ead52","GRANTED",,"MOTORBIKE","DK5568PS","2025-11-26T08:03:37.804Z"
"6926b475c64090a1dc5f9255","61324423","688f571e3f78d027532ead52","DENIED","Nomor plat tidak terdaftar untuk user ini","CAR","K141KU","2025-11-26T08:04:05.739Z"
"6926b4a8c64090a1dc5f9256","61324423","688f571e3f78d027532ead52","DENIED","Nomor plat tidak terdaftar untuk user ini","CAR","IK141KU","2025-11-26T08:04:56.388Z"
"6926b5a3c64090a1dc5f9257","61324423","688f571e3f78d027532ead52","DENIED","Nomor plat tidak terdaftar untuk user ini","CAR","K141KU","2025-11-26T08:09:07.117Z"
"6927ed478ae4bbeb9b37b757","61324423","688f571e3f78d027532ead52","DENIED","Nomor plat tidak terdaftar untuk user ini","CAR","IK14103ZSKU","2025-11-27T06:18:47.021Z"
"6928165bab523fa08de23a80","61324423","688f571e3f78d027532ead52","DENIED","Nomor plat tidak terdaftar untuk user ini","CAR","IK14103ZSKU","2025-11-27T09:14:03.959Z"
"692c0298ebbc176ff7c0fad1","61324423","688f571e3f78d027532ead52","DENIED","Nomor plat tidak terdaftar","CAR","K141KU","2025-11-30T08:38:48.190Z"
"692c07a4ebbc176ff7c0fad2","4e2549c51","689180a3b1257f80019f4ff2","GRANTED",,"NO_VEHICLE",,"2025-11-30T09:00:20.804Z"
"692c1a52ebbc176ff7c0fad3","4e2549c51","689180a3b1257f80019f4ff2","GRANTED",,"NO_VEHICLE",,"2025-11-30T10:20:02.831Z"
"692c1a55ebbc176ff7c0fad4","4e2549c51","689180a3b1257f80019f4ff2","GRANTED",,"NO_VEHICLE",,"2025-11-30T10:20:05.898Z"
"692c1a9bebbc176ff7c0fad5","4e2549c51","689180a3b1257f80019f4ff2","GRANTED",,"NO_VEHICLE",,"2025-11-30T10:21:15.857Z"
"692e81ee015d566d354d8cbc","61324423","688f571e3f78d027532ead52","GRANTED",,,,"2025-12-02T06:06:38.279Z"
"692e8443015d566d354d8cbd","4e2549c51","689180a3b1257f80019f4ff2","GRANTED",,"NO_VEHICLE",,"2025-12-02T06:16:35.652Z"
"692e8443015d566d354d8cbe","4e2549c51","689180a3b1257f80019f4ff2","GRANTED",,,,"2025-12-02T06:16:35.877Z"
"692e844f015d566d354d8cbf","4e2549c51","689180a3b1257f80019f4ff2","GRANTED",,"NO_VEHICLE",,"2025-12-02T06:16:47.052Z"
"692e844f015d566d354d8cc0","4e2549c51","689180a3b1257f80019f4ff2","GRANTED",,,,"2025-12-02T06:16:47.268Z"
"692ffa87ff9c8ba86773ce11","4e2549c51","689180a3b1257f80019f4ff2","GRANTED",,"NO_VEHICLE",,"2025-12-03T08:53:27.765Z"
"692ffa94ff9c8ba86773ce12","4e2549c51","689180a3b1257f80019f4ff2","GRANTED",,,,"2025-12-03T08:53:40.573Z"
"69300025ff9c8ba86773ce13","4e2549c51","689180a3b1257f80019f4ff2","GRANTED",,"NO_VEHICLE",,"2025-12-03T09:17:25.899Z"
"6930002bff9c8ba86773ce14","4e2549c51","689180a3b1257f80019f4ff2","GRANTED",,,,"2025-12-03T09:17:31.995Z"
"69300b5eff9c8ba86773ce15","4e2549c51","689180a3b1257f80019f4ff2","GRANTED",,"NO_VEHICLE",,"2025-12-03T10:05:18.275Z"
"69300b5eff9c8ba86773ce16","4e2549c51","689180a3b1257f80019f4ff2","GRANTED",,,,"2025-12-03T10:05:18.479Z"
"69300b5eff9c8ba86773ce17","4e2549c51","689180a3b1257f80019f4ff2","GRANTED",,,,"2025-12-03T10:05:18.668Z"
"69300bbdff9c8ba86773ce18","4e2549c51","689180a3b1257f80019f4ff2","GRANTED",,"NO_VEHICLE",,"2025-12-03T10:06:53.558Z"
"69300bbdff9c8ba86773ce19","4e2549c51","689180a3b1257f80019f4ff2","GRANTED",,"NO_VEHICLE",,"2025-12-03T10:06:53.865Z"
"69300bc1ff9c8ba86773ce1a","4e2549c51","689180a3b1257f80019f4ff2","GRANTED",,"NO_VEHICLE",,"2025-12-03T10:06:57.635Z"
"69300bc1ff9c8ba86773ce1b","4e2549c51","689180a3b1257f80019f4ff2","GRANTED",,"NO_VEHICLE",,"2025-12-03T10:06:57.918Z"
"69300bc3ff9c8ba86773ce1c","4e2549c51","689180a3b1257f80019f4ff2","GRANTED",,"NO_VEHICLE",,"2025-12-03T10:06:59.531Z"
"69300bc3ff9c8ba86773ce1d","4e2549c51","689180a3b1257f80019f4ff2","GRANTED",,"NO_VEHICLE",,"2025-12-03T10:06:59.857Z"
"69300bc4ff9c8ba86773ce1e","4e2549c51","689180a3b1257f80019f4ff2","GRANTED",,"NO_VEHICLE",,"2025-12-03T10:07:00.151Z"
"69300bc4ff9c8ba86773ce1f","4e2549c51","689180a3b1257f80019f4ff2","GRANTED",,"NO_VEHICLE",,"2025-12-03T10:07:00.438Z"
"69300bcaff9c8ba86773ce20","4e2549c51","689180a3b1257f80019f4ff2","GRANTED",,"NO_VEHICLE",,"2025-12-03T10:07:06.345Z"
"69300bcaff9c8ba86773ce21","4e2549c51","689180a3b1257f80019f4ff2","GRANTED",,"NO_VEHICLE",,"2025-12-03T10:07:06.633Z"
"69300bd7ff9c8ba86773ce22","4e2549c51","689180a3b1257f80019f4ff2","GRANTED",,"NO_VEHICLE",,"2025-12-03T10:07:19.771Z"
"69300bd8ff9c8ba86773ce23","4e2549c51","689180a3b1257f80019f4ff2","GRANTED",,"NO_VEHICLE",,"2025-12-03T10:07:20.066Z"
"69300bddff9c8ba86773ce24","4e2549c51","689180a3b1257f80019f4ff2","GRANTED",,"NO_VEHICLE",,"2025-12-03T10:07:25.268Z"
"69300bddff9c8ba86773ce25","4e2549c51","689180a3b1257f80019f4ff2","GRANTED",,"NO_VEHICLE",,"2025-12-03T10:07:25.552Z"
"69300be9ff9c8ba86773ce26","4e2549c51","689180a3b1257f80019f4ff2","GRANTED",,"NO_VEHICLE",,"2025-12-03T10:07:37.666Z"
"69300be9ff9c8ba86773ce27","4e2549c51","689180a3b1257f80019f4ff2","GRANTED",,"NO_VEHICLE",,"2025-12-03T10:07:37.934Z"
"69308732045d03fc6bf2d898","61324423","688f571e3f78d027532ead52","GRANTED",,,,"2025-12-03T18:53:38.973Z"
"69308997045d03fc6bf2d899","file 4 nih -praba",,"DENIED","PID tidak terdaftar",,,"2025-12-03T19:03:51.885Z"
"69308b66045d03fc6bf2d89a","4rrkalit",,"DENIED","PID tidak terdaftar","NO_VEHICLE",,"2025-12-03T19:11:34.656Z"
"69308b7a045d03fc6bf2d89b","4rrkalit",,"DENIED","PID tidak terdaftar","NO_VEHICLE",,"2025-12-03T19:11:54.827Z"
"69308b7d045d03fc6bf2d89c","4rrkalit",,"DENIED","PID tidak terdaftar","NO_VEHICLE",,"2025-12-03T19:11:57.831Z"
"69308b8a045d03fc6bf2d89d","4rrkalit",,"DENIED","PID tidak terdaftar","NO_VEHICLE",,"2025-12-03T19:12:10.466Z"
"69308ceb045d03fc6bf2d89f","4rrkalit","69308c3c045d03fc6bf2d89e","GRANTED",,,,"2025-12-03T19:18:03.215Z"
"69308d5f045d03fc6bf2d8a0","4rrkalit","69308c3c045d03fc6bf2d89e","GRANTED",,,,"2025-12-03T19:19:59.934Z"
"69308d70045d03fc6bf2d8a1","frazerion",,"DENIED","PID tidak terdaftar",,,"2025-12-03T19:20:16.705Z"
"69308da0045d03fc6bf2d8a2","4rrkalit","69308c3c045d03fc6bf2d89e","GRANTED",,,,"2025-12-03T19:21:04.053Z"
"69308dfe045d03fc6bf2d8a3","4rrkalit","69308c3c045d03fc6bf2d89e","GRANTED",,,,"2025-12-03T19:22:38.837Z"
"69308e26045d03fc6bf2d8a4","4rrkalit","69308c3c045d03fc6bf2d89e","GRANTED",,"NO_VEHICLE",,"2025-12-03T19:23:18.524Z"
"69308e38045d03fc6bf2d8a5","4e2549c51","689180a3b1257f80019f4ff2","GRANTED",,"NO_VEHICLE",,"2025-12-03T19:23:36.610Z"
"69308e4f045d03fc6bf2d8a6","4e2549c51","689180a3b1257f80019f4ff2","GRANTED",,"NO_VEHICLE",,"2025-12-03T19:23:59.039Z"
"69308e6d045d03fc6bf2d8a7","4e2549c51","689180a3b1257f80019f4ff2","GRANTED",,"NO_VEHICLE",,"2025-12-03T19:24:29.709Z"
"69308e79045d03fc6bf2d8a8","4e2549c51","689180a3b1257f80019f4ff2","GRANTED",,"NO_VEHICLE",,"2025-12-03T19:24:41.068Z"
"69308eaa045d03fc6bf2d8a9","4e2549c51","689180a3b1257f80019f4ff2","GRANTED",,"NO_VEHICLE",,"2025-12-03T19:25:30.135Z"
"69308f52045d03fc6bf2d8aa","4e2549c51","689180a3b1257f80019f4ff2","GRANTED",,"NO_VEHICLE",,"2025-12-03T19:28:18.051Z"
"69309207045d03fc6bf2d8ab","4e2549c51","689180a3b1257f80019f4ff2","GRANTED",,"NO_VEHICLE",,"2025-12-03T19:39:51.625Z"
"69309232045d03fc6bf2d8ac","4e2549c51","689180a3b1257f80019f4ff2","GRANTED",,"NO_VEHICLE",,"2025-12-03T19:40:34.525Z"
"693093fd045d03fc6bf2d8ad","4e2549c51","689180a3b1257f80019f4ff2","GRANTED",,"NO_VEHICLE",,"2025-12-03T19:48:13.678Z"
"69309430045d03fc6bf2d8ae","4e2549c51","689180a3b1257f80019f4ff2","GRANTED",,"NO_VEHICLE",,"2025-12-03T19:49:04.506Z"
"69309433045d03fc6bf2d8af","4e2549c51","689180a3b1257f80019f4ff2","GRANTED",,"NO_VEHICLE",,"2025-12-03T19:49:07.957Z"
"693094c7045d03fc6bf2d8b0","4e2549c51","689180a3b1257f80019f4ff2","GRANTED",,"NO_VEHICLE",,"2025-12-03T19:51:35.328Z"
"693094c7045d03fc6bf2d8b1","4e2549c51","689180a3b1257f80019f4ff2","GRANTED",,"NO_VEHICLE",,"2025-12-03T19:51:35.613Z"
"693094cd045d03fc6bf2d8b2","4e2549c51","689180a3b1257f80019f4ff2","GRANTED",,"NO_VEHICLE",,"2025-12-03T19:51:41.953Z"
"693094ce045d03fc6bf2d8b3","4e2549c51","689180a3b1257f80019f4ff2","GRANTED",,"NO_VEHICLE",,"2025-12-03T19:51:42.233Z"
"693094d3045d03fc6bf2d8b4","4e2549c51","689180a3b1257f80019f4ff2","GRANTED",,"NO_VEHICLE",,"2025-12-03T19:51:47.764Z"
"693094d4045d03fc6bf2d8b5","4e2549c51","689180a3b1257f80019f4ff2","GRANTED",,"NO_VEHICLE",,"2025-12-03T19:51:48.046Z"
"693094dc045d03fc6bf2d8b6","4e2549c51","689180a3b1257f80019f4ff2","GRANTED",,"NO_VEHICLE",,"2025-12-03T19:51:56.294Z"
"693094dc045d03fc6bf2d8b7","4e2549c51","689180a3b1257f80019f4ff2","GRANTED",,"NO_VEHICLE",,"2025-12-03T19:51:56.573Z"
"693094e5045d03fc6bf2d8b8","4e2549c51","689180a3b1257f80019f4ff2","GRANTED",,"NO_VEHICLE",,"2025-12-03T19:52:05.841Z"
"693094e6045d03fc6bf2d8b9","4e2549c51","689180a3b1257f80019f4ff2","GRANTED",,"NO_VEHICLE",,"2025-12-03T19:52:06.128Z"
"6930951c045d03fc6bf2d8ba","4e2549c51","689180a3b1257f80019f4ff2","GRANTED",,"NO_VEHICLE",,"2025-12-03T19:53:00.674Z"
"6930951c045d03fc6bf2d8bb","4e2549c51","689180a3b1257f80019f4ff2","GRANTED",,"NO_VEHICLE",,"2025-12-03T19:53:00.980Z"
"69309553045d03fc6bf2d8bc","4e2549c51","689180a3b1257f80019f4ff2","GRANTED",,"NO_VEHICLE",,"2025-12-03T19:53:55.504Z"
"69309553045d03fc6bf2d8bd","4e2549c51","689180a3b1257f80019f4ff2","GRANTED",,"NO_VEHICLE",,"2025-12-03T19:53:55.791Z"
"69309597045d03fc6bf2d8be","4e2549c51","689180a3b1257f80019f4ff2","GRANTED",,"NO_VEHICLE",,"2025-12-03T19:55:03.700Z"
"6930959d045d03fc6bf2d8bf","4e2549c51","689180a3b1257f80019f4ff2","GRANTED",,"NO_VEHICLE",,"2025-12-03T19:55:09.289Z"
"693095a3045d03fc6bf2d8c0","4e2549c51","689180a3b1257f80019f4ff2","GRANTED",,"NO_VEHICLE",,"2025-12-03T19:55:15.031Z"
"693095a8045d03fc6bf2d8c1","4e2549c51","689180a3b1257f80019f4ff2","GRANTED",,"NO_VEHICLE",,"2025-12-03T19:55:20.339Z"
"693095aa045d03fc6bf2d8c2","4e2549c51","689180a3b1257f80019f4ff2","GRANTED",,"NO_VEHICLE",,"2025-12-03T19:55:22.759Z"
"693095ab045d03fc6bf2d8c3","4e2549c51","689180a3b1257f80019f4ff2","GRANTED",,"NO_VEHICLE",,"2025-12-03T19:55:23.091Z"
"693095ab045d03fc6bf2d8c4","4e2549c51","689180a3b1257f80019f4ff2","GRANTED",,"NO_VEHICLE",,"2025-12-03T19:55:23.421Z"
"693095ad045d03fc6bf2d8c5","4e2549c51","689180a3b1257f80019f4ff2","GRANTED",,"NO_VEHICLE",,"2025-12-03T19:55:25.297Z"
"693095b2045d03fc6bf2d8c6","4e2549c51","689180a3b1257f80019f4ff2","GRANTED",,"NO_VEHICLE",,"2025-12-03T19:55:30.201Z"
"693095b8045d03fc6bf2d8c7","4e2549c51","689180a3b1257f80019f4ff2","GRANTED",,"NO_VEHICLE",,"2025-12-03T19:55:36.529Z"
"693095e9045d03fc6bf2d8c8","4e2549c51","689180a3b1257f80019f4ff2","GRANTED",,"NO_VEHICLE",,"2025-12-03T19:56:25.927Z"
"693095f9045d03fc6bf2d8c9","4e2549c51","689180a3b1257f80019f4ff2","GRANTED",,"NO_VEHICLE",,"2025-12-03T19:56:41.434Z"
"69309609045d03fc6bf2d8ca","4e2549c51","689180a3b1257f80019f4ff2","GRANTED",,"NO_VEHICLE",,"2025-12-03T19:56:57.014Z"
"69309613045d03fc6bf2d8cb","4e2549c51","689180a3b1257f80019f4ff2","GRANTED",,"NO_VEHICLE",,"2025-12-03T19:57:07.514Z"
"69309616045d03fc6bf2d8cc","4e2549c51","689180a3b1257f80019f4ff2","GRANTED",,"NO_VEHICLE",,"2025-12-03T19:57:10.537Z"
"69309619045d03fc6bf2d8cd","4e2549c51","689180a3b1257f80019f4ff2","GRANTED",,"NO_VEHICLE",,"2025-12-03T19:57:13.791Z"
"69309628045d03fc6bf2d8ce","4e2549c51","689180a3b1257f80019f4ff2","GRANTED",,"NO_VEHICLE",,"2025-12-03T19:57:28.786Z"
"6930962d045d03fc6bf2d8cf","4e2549c51","689180a3b1257f80019f4ff2","GRANTED",,"NO_VEHICLE",,"2025-12-03T19:57:33.822Z"
"69309631045d03fc6bf2d8d0","4e2549c51","689180a3b1257f80019f4ff2","GRANTED",,"NO_VEHICLE",,"2025-12-03T19:57:37.569Z"
"69309634045d03fc6bf2d8d1","4e2549c51","689180a3b1257f80019f4ff2","GRANTED",,"NO_VEHICLE",,"2025-12-03T19:57:40.326Z"
"69309637045d03fc6bf2d8d2","4e2549c51","689180a3b1257f80019f4ff2","GRANTED",,"NO_VEHICLE",,"2025-12-03T19:57:43.635Z"
"6930963a045d03fc6bf2d8d3","4e2549c51","689180a3b1257f80019f4ff2","GRANTED",,"NO_VEHICLE",,"2025-12-03T19:57:46.830Z"
"69309687045d03fc6bf2d8d4","4e2549c51","689180a3b1257f80019f4ff2","GRANTED",,"NO_VEHICLE",,"2025-12-03T19:59:03.799Z"
"69309689045d03fc6bf2d8d5","4e2549c51","689180a3b1257f80019f4ff2","GRANTED",,"NO_VEHICLE",,"2025-12-03T19:59:05.424Z"
"693096e5045d03fc6bf2d8d6","4e2549c51","689180a3b1257f80019f4ff2","GRANTED",,"NO_VEHICLE",,"2025-12-03T20:00:37.162Z"
"693096e8045d03fc6bf2d8d7","4e2549c51","689180a3b1257f80019f4ff2","GRANTED",,"NO_VEHICLE",,"2025-12-03T20:00:40.444Z"
"693096ed045d03fc6bf2d8d8","4e2549c51","689180a3b1257f80019f4ff2","GRANTED",,"NO_VEHICLE",,"2025-12-03T20:00:45.253Z"
"693096f3045d03fc6bf2d8d9","4e2549c51","689180a3b1257f80019f4ff2","GRANTED",,"NO_VEHICLE",,"2025-12-03T20:00:51.662Z"
"693096fb045d03fc6bf2d8da","4e2549c51","689180a3b1257f80019f4ff2","GRANTED",,"NO_VEHICLE",,"2025-12-03T20:00:59.756Z"
"693096fd045d03fc6bf2d8db","4e2549c51","689180a3b1257f80019f4ff2","GRANTED",,"NO_VEHICLE",,"2025-12-03T20:01:01.609Z"
"6930976f045d03fc6bf2d8dc","4e2549c51","689180a3b1257f80019f4ff2","GRANTED",,"NO_VEHICLE",,"2025-12-03T20:02:55.454Z"
"6930978a045d03fc6bf2d8dd","4e2549c51","689180a3b1257f80019f4ff2","GRANTED",,"NO_VEHICLE",,"2025-12-03T20:03:22.971Z"
"693097de045d03fc6bf2d8de","4e2549c51","689180a3b1257f80019f4ff2","GRANTED",,"NO_VEHICLE",,"2025-12-03T20:04:46.353Z"
"693097e1045d03fc6bf2d8df","4e2549c51","689180a3b1257f80019f4ff2","GRANTED",,"NO_VEHICLE",,"2025-12-03T20:04:49.494Z"
"693097e4045d03fc6bf2d8e0","4e2549c51","689180a3b1257f80019f4ff2","GRANTED",,"NO_VEHICLE",,"2025-12-03T20:04:52.023Z"
"693097e6045d03fc6bf2d8e1","4e2549c51","689180a3b1257f80019f4ff2","GRANTED",,"NO_VEHICLE",,"2025-12-03T20:04:54.871Z"
"69309809045d03fc6bf2d8e2","4e2549c51","689180a3b1257f80019f4ff2","GRANTED",,"NO_VEHICLE",,"2025-12-03T20:05:29.480Z"
"69309815045d03fc6bf2d8e3","4e2549c51","689180a3b1257f80019f4ff2","GRANTED",,"NO_VEHICLE",,"2025-12-03T20:05:41.372Z"
"69309817045d03fc6bf2d8e4","4e2549c51","689180a3b1257f80019f4ff2","GRANTED",,"NO_VEHICLE",,"2025-12-03T20:05:43.873Z"
"69309818045d03fc6bf2d8e5","4e2549c51","689180a3b1257f80019f4ff2","GRANTED",,"NO_VEHICLE",,"2025-12-03T20:05:44.327Z"
"69309839045d03fc6bf2d8e6","4e2549c51","689180a3b1257f80019f4ff2","GRANTED",,"NO_VEHICLE",,"2025-12-03T20:06:17.288Z"
"6930984f045d03fc6bf2d8e7","4e2549c51","689180a3b1257f80019f4ff2","GRANTED",,"NO_VEHICLE",,"2025-12-03T20:06:39.222Z"
"69309857045d03fc6bf2d8e8","4e2549c51","689180a3b1257f80019f4ff2","GRANTED",,"NO_VEHICLE",,"2025-12-03T20:06:47.261Z"
"69309884045d03fc6bf2d8e9","4e2549c51","689180a3b1257f80019f4ff2","GRANTED",,"NO_VEHICLE",,"2025-12-03T20:07:32.628Z"
"6930988f045d03fc6bf2d8ea","4e2549c51","689180a3b1257f80019f4ff2","GRANTED",,"NO_VEHICLE",,"2025-12-03T20:07:43.277Z"
"693098eb045d03fc6bf2d8eb","61324423","688f571e3f78d027532ead52","DENIED","Nomor plat tidak terdaftar","CAR","B1964SSJ","2025-12-03T20:09:15.926Z"
"693098f8045d03fc6bf2d8ec","4e2549c51","689180a3b1257f80019f4ff2","GRANTED",,"NO_VEHICLE",,"2025-12-03T20:09:28.680Z"
"69309997045d03fc6bf2d8ed","4e2549c51","689180a3b1257f80019f4ff2","GRANTED",,"NO_VEHICLE",,"2025-12-03T20:12:07.225Z"
"693099c1045d03fc6bf2d8ee","4e2549c51","689180a3b1257f80019f4ff2","GRANTED",,"NO_VEHICLE",,"2025-12-03T20:12:49.075Z"
"69309a0e045d03fc6bf2d8ef","4e2549c51","689180a3b1257f80019f4ff2","GRANTED",,"NO_VEHICLE",,"2025-12-03T20:14:06.649Z"
"69309a2e045d03fc6bf2d8f0","4e2549c51","689180a3b1257f80019f4ff2","GRANTED",,"NO_VEHICLE",,"2025-12-03T20:14:38.267Z"
"69309a56045d03fc6bf2d8f1","4e2549c51","689180a3b1257f80019f4ff2","GRANTED",,"NO_VEHICLE",,"2025-12-03T20:15:18.116Z"
"69309a5f045d03fc6bf2d8f2","4e2549c51","689180a3b1257f80019f4ff2","GRANTED",,"NO_VEHICLE",,"2025-12-03T20:15:27.324Z"
"69309a62045d03fc6bf2d8f3","4e2549c51","689180a3b1257f80019f4ff2","GRANTED",,"NO_VEHICLE",,"2025-12-03T20:15:30.460Z"
"69309a68045d03fc6bf2d8f4","4e2549c51","689180a3b1257f80019f4ff2","GRANTED",,"NO_VEHICLE",,"2025-12-03T20:15:36.368Z"
"69309a82045d03fc6bf2d8f5","4e2549c51","689180a3b1257f80019f4ff2","GRANTED",,"NO_VEHICLE",,"2025-12-03T20:16:02.200Z"
"69309a8a045d03fc6bf2d8f6","4e2549c51","689180a3b1257f80019f4ff2","GRANTED",,"NO_VEHICLE",,"2025-12-03T20:16:10.758Z"
"69309b321eaa69249e0b1035","4e2549c51","689180a3b1257f80019f4ff2","GRANTED",,,,"2025-12-03T20:18:58.803Z"
"69309b391eaa69249e0b1036","4e2549c51","689180a3b1257f80019f4ff2","GRANTED",,"BIKE",,"2025-12-03T20:19:05.435Z"
"69309b4e1eaa69249e0b1037","4e2549c51","689180a3b1257f80019f4ff2","DENIED","Nomor plat tidak terdaftar","CAR","IADLZ","2025-12-03T20:19:26.993Z"
"69309b7c1eaa69249e0b1038","4e2549c51","689180a3b1257f80019f4ff2","DENIED","Nomor plat tidak terdaftar","CAR","ADLZ","2025-12-03T20:20:12.425Z"
"69309c60e6aec3c3f11c6f67","4e2549c51","689180a3b1257f80019f4ff2","GRANTED",,,,"2025-12-03T20:24:00.852Z"
"69309e3be6aec3c3f11c6f68","4e2549c51","689180a3b1257f80019f4ff2","GRANTED",,,,"2025-12-03T20:31:55.095Z"
"69309fe5e6aec3c3f11c6f69","4e2549c51","689180a3b1257f80019f4ff2","GRANTED",,"NO_VEHICLE",,"2025-12-03T20:39:01.401Z"
"6930a04de6aec3c3f11c6f6a","4e2549c51","689180a3b1257f80019f4ff2","GRANTED",,"BIKE",,"2025-12-03T20:40:45.345Z"
"6930b33de6aec3c3f11c6f6b","4rrkalit","69308c3c045d03fc6bf2d89e","GRANTED",,"BIKE",,"2025-12-03T22:01:33.642Z"
"6930b3b8e6aec3c3f11c6f6c","4e2549c51","689180a3b1257f80019f4ff2","GRANTED",,"BIKE",,"2025-12-03T22:03:36.035Z"
"6930b3cee6aec3c3f11c6f6d","frazerion",,"DENIED","PID tidak terdaftar","BIKE",,"2025-12-03T22:03:58.836Z"
"6930b3d3e6aec3c3f11c6f6e","4rrkalit","69308c3c045d03fc6bf2d89e","GRANTED",,"BIKE",,"2025-12-03T22:04:03.253Z"
"69368307ab054a8822ff4822","4e2549c51","689180a3b1257f80019f4ff2","DENIED","Nomor plat tidak terdaftar","MOTORBIKE","DK5568PS","2025-12-08T07:49:27.770Z"
"69368365ab054a8822ff4823","4e2549c51","689180a3b1257f80019f4ff2","DENIED","Nomor plat tidak terdaftar","CAR","B1964SSJ","2025-12-08T07:51:01.441Z"
"693683abab054a8822ff4824","4e2549c51","689180a3b1257f80019f4ff2","GRANTED",,"CAR","B1964SSJ","2025-12-08T07:52:11.759Z"
"693683deab054a8822ff4825","4e2549c51","689180a3b1257f80019f4ff2","GRANTED",,"CAR","B1964SSJ","2025-12-08T07:53:02.503Z"
"69368478ab054a8822ff4826","4e2549c51","689180a3b1257f80019f4ff2","GRANTED",,"CAR","B1964SSJ","2025-12-08T07:55:36.570Z"
"693c268d38ecd2feb8fafab2","4e2549c51","689180a3b1257f80019f4ff2","GRANTED",,"NO_VEHICLE",,"2025-12-12T14:28:29.771Z"
"693d305e28adc26815ffdd66","4rrkalit","69308c3c045d03fc6bf2d89e","GRANTED",,"NO_VEHICLE",,"2025-12-13T09:22:38.539Z"
"693d309528adc26815ffdd67","4rrkalit","69308c3c045d03fc6bf2d89e","GRANTED",,,,"2025-12-13T09:23:33.234Z"
"693d30d528adc26815ffdd68","4rrkalit","69308c3c045d03fc6bf2d89e","GRANTED",,"NO_VEHICLE",,"2025-12-13T09:24:37.560Z"
"693d5303d4d6e3215b871ff5","61324423","688f571e3f78d027532ead52","DENIED","Nomor plat tidak terdaftar","CAR","B1964SSJ","2025-12-13T11:50:27.115Z"
"693d5316d4d6e3215b871ff6","4e2549c51","689180a3b1257f80019f4ff2","GRANTED",,"NO_VEHICLE",,"2025-12-13T11:50:46.553Z"
"693d532cd4d6e3215b871ff7","4e2549c51","689180a3b1257f80019f4ff2","DENIED","Nomor plat tidak terdaftar","MOTORBIKE","DK5568PS","2025-12-13T11:51:08.529Z"
"693d53f1d4d6e3215b871ff8","stikom",,"DENIED","PID tidak terdaftar","NO_VEHICLE",,"2025-12-13T11:54:25.949Z"
"693d5548d4d6e3215b871ff9","stikom123",,"DENIED","PID tidak terdaftar","NO_VEHICLE",,"2025-12-13T12:00:08.439Z"
"693d5607d4d6e3215b871ffb","stikom123","693d5595d4d6e3215b871ffa","DENIED","Nomor plat tidak terdaftar","MOTORBIKE","DKL563FBM","2025-12-13T12:03:19.681Z"
"693de154b1fa90101b582dad","232332323232",,"DENIED","PID tidak terdaftar","MOTORBIKE",,"2025-12-13T21:57:40.350Z"
"693de51a07586746fc0a6eda","232332323232",,"DENIED","PID tidak terdaftar","MOTORBIKE",,"2025-12-13T22:13:46.099Z"
"693e70ce245cef9f418b44c0","232332323232",,"DENIED","PID tidak terdaftar","MOTORBIKE",,"2025-12-14T08:09:50.408Z"
"693faa450c4d3425efb32738","4e2549c51","689180a3b1257f80019f4ff2","GRANTED",,"NO_VEHICLE",,"2025-12-15T06:27:17.555Z"
"693facd10c4d3425efb32739","4e2549c51","689180a3b1257f80019f4ff2","GRANTED",,"NO_VEHICLE",,"2025-12-15T06:38:09.644Z"
"693facd70c4d3425efb3273a","4e2549c51","689180a3b1257f80019f4ff2","GRANTED",,"NO_VEHICLE",,"2025-12-15T06:38:15.671Z"
"694ccfbc9276c81ff9b374a9","61324423","688f571e3f78d027532ead52","DENIED","Nomor plat tidak terdaftar","MOTORBIKE","DKL563FBM","2025-12-25T05:46:36.671Z"
"69516d4fd1a416e849af29d3","61324423","688f571e3f78d027532ead52","DENIED","Nomor plat tidak terdaftar","MOTORBIKE","DK4563FBM","2025-12-28T17:47:59.050Z"
"69516d66d1a416e849af29d4","61324423","688f571e3f78d027532ead52","GRANTED",,"NO_VEHICLE",,"2025-12-28T17:48:22.971Z"
"69516d88d1a416e849af29d5","61324423","688f571e3f78d027532ead52","DENIED","Nomor plat tidak terdaftar","MOTORBIKE","DK22P0KN","2025-12-28T17:48:56.687Z"
"69516d94d1a416e849af29d6","61324423","688f571e3f78d027532ead52","DENIED","Nomor plat tidak terdaftar","MOTORBIKE","Z34","2025-12-28T17:49:08.430Z"
"69516da8d1a416e849af29d7","61324423","688f571e3f78d027532ead52","DENIED","Nomor plat tidak terdaftar","CAR","DK1234PI","2025-12-28T17:49:28.447Z"
"69528ee66c6392de829afd70","stikom123","693d5595d4d6e3215b871ffa","GRANTED",,,,"2025-12-29T14:23:34.106Z"
"69528efb6c6392de829afd71","stikom123","693d5595d4d6e3215b871ffa","GRANTED",,"NO_VEHICLE",,"2025-12-29T14:23:55.789Z"
"69528f746c6392de829afd72","stikom123","693d5595d4d6e3215b871ffa","GRANTED",,,,"2025-12-29T14:25:56.420Z"
"69528f9f6c6392de829afd73","stikom",,"DENIED","PID tidak terdaftar",,,"2025-12-29T14:26:39.132Z"
"695291a66c6392de829afd74","arkalit123",,"DENIED","PID tidak terdaftar",,,"2025-12-29T14:35:18.010Z"